bnumber,genes
b0001,thrL
b0002,thrA
b0002,thrA1
b0002,thrA2
b0003,thrB
b0004,thrC
b0005,yaaX
b0006,yaaA
b0007,yaaJ
b0008,talB
b0008,yaaK
b0009,mog
b0009,chlG
b0009,mogA
b0009,yaaG
b0010,satP
b0010,yaaH
b0011,yaaW
b0012,htgA
b0012,htpY
b0013,yaaI
b0014,dnaK
b0014,groP
b0014,grpF
b0014,seg
b0015,dnaJ
b0015,groP
b0016,insL1
b0018,mokC
b0018,gefL
b0019,nhaA
b0019,ant
b0020,nhaR
b0020,antO
b0021,insB1
b0022,insA1
b0023,rpsT
b0024,yaaY
b0025,ribF
b0025,yaaC
b0026,ileS
b0026,ilvS
b0027,lspA
b0027,lsp
b0028,fkpB
b0028,slpA
b0028,yaaD
b0029,ispH
b0029,lytB
b0029,yaaE
b0030,rihC
b0030,yaaF
b0031,dapB
b0032,carA
b0032,pyrA
b0033,carB
b0033,pyrA
b0034,caiF
b0035,caiE
b0036,caiD
b0036,yaaL
b0037,caiC
b0037,yaaM
b0038,caiB
b0038,yaaN
b0039,caiA
b0039,yaaO
b0040,caiT
b0040,yaaP
b0041,fixA
b0041,yaaQ
b0042,fixB
b0042,yaaR
b0043,fixC
b0043,yaaS
b0044,fixX
b0044,yaaT
b0045,yaaU
b0045,yabE
b0046,kefF
b0046,yabF
b0047,kefC
b0047,trkC
b0048,folA
b0048,tmrA
b0049,apaH
b0050,apaG
b0051,rsmA
b0051,ksgA
b0052,pdxA
b0053,surA
b0054,lptD
b0054,imp
b0054,ostA
b0054,yabG
b0055,djlA
b0055,yabH
b0057,yabQ
b0058,rluA
b0058,yabO
b0059,rapA
b0059,hepA
b0059,yabA
b0060,polB
b0060,dinA
b0061,araD
b0062,araA
b0063,araB
b0064,araC
b0065,yabI
b0066,thiQ
b0066,yabJ
b0067,thiP
b0067,yabK
b0068,thiB
b0068,tbpA
b0068,yabL
b0069,sgrR
b0069,yabN
b0070,setA
b0070,yabM
b0071,leuD
b0072,leuC
b0073,leuB
b0074,leuA
b0075,leuL
b0075,leuLP
b0076,leuO
b0077,ilvI
b0078,ilvH
b0078,brnP
b0079,fruL
b0080,cra
b0080,fruC
b0080,fruR
b0080,shl
b0081,mraZ
b0081,yabB
b0082,rsmH
b0082,mraW
b0082,yabC
b0083,ftsL
b0083,mraR
b0083,yabD
b0084,ftsI
b0084,pbpB
b0085,murE
b0086,murF
b0086,mra
b0087,mraY
b0087,murX
b0088,murD
b0089,ftsW
b0090,murG
b0091,murC
b0092,ddlB
b0092,ddl
b0093,ftsQ
b0094,ftsA
b0094,divA
b0095,ftsZ
b0095,sfiB
b0095,sulB
b0096,lpxC
b0096,asmB
b0096,envA
b0097,secM
b0097,srrA
b0097,yacA
b0098,secA
b0098,azi
b0098,pea
b0098,prlD
b0099,mutT
b0101,yacG
b0102,zapD
b0102,yacF
b0103,coaE
b0103,yacE
b0104,guaC
b0106,hofC
b0106,hopC
b0106,yacD
b0107,hofB
b0107,hopB
b0108,ppdD
b0109,nadC
b0110,ampD
b0111,ampE
b0112,aroP
b0113,pdhR
b0113,aceC
b0113,genA
b0113,yacB
b0114,aceE
b0115,aceF
b0116,lpdA
b0116,lpd
b0117,yacH
b0118,acnB
b0118,yacI
b0118,yacJ
b0119,yacL
b0120,speD
b0121,speE
b0122,yacC
b0123,cueO
b0123,yacK
b0124,gcd
b0125,hpt
b0126,can
b0126,cynT2
b0126,yadF
b0127,yadG
b0128,yadH
b0129,yadI
b0130,yadE
b0131,panD
b0132,yadD
b0133,panC
b0134,panB
b0135,yadC
b0136,yadK
b0137,yadL
b0138,yadM
b0139,htrE
b0140,yadV
b0140,ecpD
b0141,yadN
b0142,folK
b0143,pcnB
b0144,gluQ
b0144,yadB
b0145,dksA
b0146,sfsA
b0146,sfs1
b0147,thpR
b0147,ligT
b0147,yadP
b0148,hrpB
b0148,yadO
b0149,mrcB
b0149,pbpF
b0149,ponB
b0150,fhuA
b0150,tonA
b0151,fhuC
b0152,fhuD
b0153,fhuB
b0154,hemL
b0154,gsa
b0154,popC
b0155,clcA
b0155,eriC
b0155,yadQ
b0156,erpA
b0156,yadR
b0157,yadS
b0158,btuF
b0158,yadT
b0159,mtnN
b0159,mtn
b0159,pfs
b0159,yadA
b0160,dgt
b0161,degP
b0161,htrA
b0161,ptd
b0162,cdaR
b0162,sdaR
b0162,yaeG
b0163,yaeH
b0164,yaeI
b0166,dapD
b0167,glnD
b0168,map
b0169,rpsB
b0170,tsf
b0171,pyrH
b0171,smbA
b0172,frr
b0172,rrf
b0173,dxr
b0173,ispC
b0173,yaeM
b0174,ispU
b0174,rth
b0174,uppS
b0174,yaeS
b0175,cdsA
b0175,cds
b0176,rseP
b0176,ecfE
b0176,yaeL
b0177,bamA
b0177,yaeT
b0177,yzzN
b0177,yzzY
b0178,skp
b0178,hlpA
b0178,ompH
b0179,lpxD
b0179,firA
b0179,omsA
b0180,fabZ
b0180,sefA
b0180,yaeA
b0181,lpxA
b0182,lpxB
b0182,pgsB
b0183,rnhB
b0184,dnaE
b0184,polC
b0185,accA
b0186,ldcC
b0186,ldc
b0186,ldcH
b0187,yaeR
b0188,tilS
b0188,mesJ
b0188,yaeN
b0189,rof
b0189,yaeO
b0190,yaeQ
b0191,arfB
b0191,yaeJ
b0192,nlpE
b0192,cutF
b0193,yaeF
b0193,yaeK
b0194,proS
b0194,drpA
b0195,trmO
b0195,tsaA
b0195,yaeB
b0196,rcsF
b0197,metQ
b0197,yaeC
b0198,metI
b0198,yaeE
b0199,metN
b0199,abc
b0200,gmhB
b0200,yaeD
b0207,dkgB
b0207,yafB
b0208,yafC
b0209,yafD
b0210,yafE
b0211,mltD
b0211,dniR
b0211,yafG
b0212,gloB
b0212,yafR
b0213,yafS
b0214,rnhA
b0214,dasF
b0214,herA
b0214,rnh
b0214,sdrA
b0215,dnaQ
b0215,mutD
b0217,yafT
b0218,yafU
b0219,yafV
b0220,ivy
b0220,ykfE
b0221,fadE
b0221,yafH
b0222,gmhA
b0222,lpcA
b0222,tfrA
b0222,yafI
b0223,yafJ
b0224,yafK
b0225,yafQ
b0226,dinJ
b0227,yafL
b0228,rayT
b0228,TnpAREP
b0228,yafM
b0229,lfhA
b0229,fhiA
b0230,lafU
b0230,mbhA
b0231,dinB
b0231,dinP
b0232,yafN
b0233,yafO
b0234,yafP
b0235,ykfJ
b0236,prfH
b0237,pepD
b0237,pepH
b0238,gpt
b0238,gpp
b0238,gxu
b0239,frsA
b0239,yafA
b0240,crl
b0241,phoE
b0241,ompE
b0242,proB
b0243,proA
b0245,ykfI
b0246,yafW
b0247,ykfG
b0248,yafX
b0249,ykfF
b0250,ykfB
b0251,yafY
b0252,yafZ
b0253,ykfA
b0254,perR
b0255,insN1
b0256,insI1
b0257,insO1
b0258,ykfC
b0259,insH1
b0260,mmuP
b0260,ykfD
b0261,mmuM
b0261,yagD
b0262,fbpC
b0262,afuC
b0262,yagC
b0263,fbpB
b0263,afuB
b0264,insB2
b0265,insA2
b0266,yagB
b0267,yagA
b0268,yagE
b0269,yagF
b0270,yagG
b0271,yagH
b0272,yagI
b0273,argF
b0274,insB3
b0275,insA3
b0276,yagJ
b0277,yagK
b0278,yagL
b0279,yagM
b0280,yagN
b0281,intF
b0281,yagO
b0283,yagQ
b0284,yagR
b0285,yagS
b0286,yagT
b0287,yagU
b0288,ykgJ
b0289,ecpE
b0289,matF
b0289,yagV
b0290,ecpD
b0290,matE
b0290,yagW
b0291,ecpC
b0291,matD
b0291,yagX
b0292,ecpB
b0292,matC
b0292,yagY
b0293,ecpA
b0293,matB
b0293,yagZ
b0294,ecpR
b0294,matA
b0294,ykgK
b0295,ykgL
b0296,ykgM
b0296,rpmE2
b0297,eaeH
b0298,insE1
b0299,insF1
b0300,ykgA
b0301,rclC
b0301,ykgB
b0303,rclB
b0303,ykgI
b0304,rclA
b0304,ykgC
b0305,rclR
b0305,ykgD
b0306,ykgE
b0307,ykgF
b0308,ykgG
b0309,NA
b0310,ykgH
b0311,betA
b0312,betB
b0313,betI
b0314,betT
b0315,yahA
b0316,yahB
b0317,yahC
b0318,yahD
b0319,yahE
b0320,yahF
b0321,yahG
b0322,yahH
b0323,yahI
b0324,yahJ
b0325,yahK
b0326,yahL
b0327,yahM
b0328,yahN
b0329,yahO
b0330,prpR
b0330,yahP
b0331,prpB
b0331,yahQ
b0333,prpC
b0333,yahS
b0333,yzzD
b0334,prpD
b0334,yahT
b0335,prpE
b0335,yahU
b0336,codB
b0337,codA
b0338,cynR
b0339,cynT
b0340,cynS
b0340,cnt
b0341,cynX
b0342,lacA
b0343,lacY
b0344,lacZ
b0345,lacI
b0346,mhpR
b0347,mhpA
b0348,mhpB
b0349,mhpC
b0350,mhpD
b0351,mhpF
b0351,mhpE
b0352,mhpE
b0353,mhpT
b0353,yaiK
b0354,yaiL
b0355,frmB
b0355,yaiM
b0356,frmA
b0356,adhC
b0357,frmR
b0357,yaiN
b0358,yaiO
b0360,insC1
b0361,insD1
b0363,yaiP
b0364,yaiS
b0365,tauA
b0365,ssiA
b0365,yaiR
b0366,tauB
b0366,ssiB
b0366,yaiQ
b0367,tauC
b0367,ssiC
b0367,yaiJ
b0368,tauD
b0368,ssiD
b0368,yaiG
b0369,hemB
b0369,ncf
b0372,insF2
b0373,insE2
b0375,yaiV
b0376,ampH
b0376,yaiH
b0377,sbmA
b0378,yaiW
b0379,yaiY
b0380,yaiZ
b0381,ddlA
b0382,iraP
b0382,yaiB
b0383,phoA
b0384,psiF
b0385,adrA
b0385,yaiC
b0386,proC
b0387,yaiI
b0388,aroL
b0389,yaiA
b0390,aroM
b0391,yaiE
b0392,ykiA
b0393,rdgC
b0393,yaiD
b0394,mak
b0394,yajF
b0396,araJ
b0397,sbcC
b0397,rmuA
b0398,sbcD
b0398,yajA
b0399,phoB
b0400,phoR
b0400,nmpB
b0401,brnQ
b0402,proY
b0402,yajM
b0403,malZ
b0404,acpH
b0404,yajB
b0405,queA
b0406,tgt
b0407,yajC
b0408,secD
b0409,secF
b0410,yajD
b0411,tsx
b0411,nupA
b0412,yajI
b0413,nrdR
b0413,ybaD
b0414,ribD
b0414,ribG
b0414,ybaE
b0415,ribE
b0415,ribH
b0415,ybaF
b0416,nusB
b0416,ssyB
b0417,thiL
b0418,pgpA
b0418,yajN
b0419,yajO
b0420,dxs
b0420,yajP
b0421,ispA
b0422,xseB
b0422,yajE
b0423,thiI
b0423,yajK
b0424,yajL
b0424,thiJ
b0425,panE
b0425,apbA
b0426,yajQ
b0427,yajR
b0428,cyoE
b0429,cyoD
b0430,cyoC
b0431,cyoB
b0432,cyoA
b0433,ampG
b0434,yajG
b0435,bolA
b0436,tig
b0437,clpP
b0437,lopP
b0438,clpX
b0438,lopC
b0439,lon
b0439,capR
b0439,deg
b0439,lopA
b0439,muc
b0440,hupB
b0440,hopD
b0441,ppiD
b0441,ybaU
b0442,ybaV
b0443,fadM
b0443,tesC
b0443,ybaW
b0444,queC
b0444,ybaX
b0445,ybaE
b0446,cof
b0447,ybaO
b0448,mdlA
b0448,mdl
b0449,mdlB
b0449,mdl
b0450,glnK
b0450,ybaI
b0451,amtB
b0451,ybaG
b0452,tesB
b0453,ybaY
b0454,atl
b0454,ybaZ
b0456,ybaA
b0457,ylaB
b0458,ylaC
b0459,maa
b0459,ylaD
b0460,hha
b0461,tomB
b0461,ybaJ
b0462,acrB
b0462,acrE
b0463,acrA
b0463,lir
b0463,mtcA
b0464,acrR
b0464,ybaH
b0465,mscK
b0465,aefA
b0465,kefA
b0466,ybaM
b0467,priC
b0468,ybaN
b0469,apt
b0470,dnaX
b0470,dnaZ
b0470,dnaZX
b0471,ybaB
b0472,recR
b0473,htpG
b0474,adk
b0474,dnaW
b0474,plsA
b0475,hemH
b0475,popA
b0475,visA
b0476,aes
b0476,ybaC
b0477,gsk
b0478,ybaL
b0478,ylaA
b0479,fsr
b0480,ushA
b0481,ybaK
b0482,ybaP
b0483,ybaQ
b0484,copA
b0484,ybaR
b0485,glsA1
b0485,ybaS
b0486,ybaT
b0487,cueR
b0487,ybbI
b0488,ybbJ
b0489,qmcA
b0489,ybbK
b0490,fetA
b0490,ybbL
b0491,fetB
b0491,ybbM
b0492,ybbN
b0493,ybbO
b0494,tesA
b0494,apeA
b0494,pldC
b0495,ybbA
b0496,ybbP
b0497,rhsD
b0498,ybbC
b0499,ylbH
b0501,ybbD
b0502,ylbG
b0503,selU
b0503,ybbB
b0504,allS
b0504,glxA1
b0504,ybbS
b0505,allA
b0505,glxA2
b0505,ybbT
b0506,allR
b0506,glxA3
b0506,ybbU
b0507,gcl
b0508,hyi
b0508,gip
b0508,ybbG
b0509,glxR
b0509,glxB1
b0509,ybbQ
b0510,ybbV
b0511,ybbW
b0511,glxB2
b0512,allB
b0512,glxB3
b0512,ybbX
b0513,ybbY
b0513,glxB4
b0514,glxK
b0514,glxB5
b0514,ybbZ
b0515,allE
b0515,glxB6
b0515,ylbA
b0516,allC
b0516,glxB7
b0516,ylbB
b0517,allD
b0517,glxB8
b0517,ylbC
b0518,fdrA
b0518,ylbD
b0520,ylbF
b0521,arcC
b0521,ybcF
b0522,purK
b0523,purE
b0524,lpxH
b0524,ybbF
b0525,ppiB
b0526,cysS
b0527,ybcI
b0528,ybcJ
b0529,folD
b0529,ads
b0530,sfmA
b0531,sfmC
b0532,sfmD
b0533,sfmH
b0534,sfmF
b0534,ybcG
b0535,fimZ
b0535,ybcA
b0537,intD
b0537,int
b0539,exoD
b0539,ybcC
b0540,insE3
b0541,insF3
b0542,renD
b0543,emrE
b0543,eb
b0543,mvrC
b0544,ybcK
b0545,ybcL
b0546,ybcM
b0547,ybcN
b0548,ninE
b0549,ybcO
b0550,rusA
b0550,rus
b0550,ybcP
b0551,quuD
b0551,ybcQ
b0552,insH2
b0553,nmpC
b0553,phmA
b0554,essD
b0554,ybcR
b0555,rrrD
b0555,arrD
b0555,ybcS
b0556,rzpD
b0556,ybcT
b0557,borD
b0557,ybcU
b0558,ybcV
b0559,ybcW
b0560,nohD
b0560,nohB
b0561,tfaD
b0562,ybcY
b0563,tfaX
b0563,ylcE
b0564,appY
b0565,ompT
b0566,envY
b0567,ybcH
b0568,nfrA
b0569,nfrB
b0570,cusS
b0570,ybcZ
b0571,cusR
b0571,ylcA
b0572,cusC
b0572,ibeB
b0572,ylcB
b0573,cusF
b0573,cusX
b0573,ylcC
b0574,cusB
b0574,ylcD
b0575,cusA
b0575,ybdE
b0576,pheP
b0577,ybdG
b0577,mscM
b0578,nfsB
b0578,dprA
b0578,nfnB
b0578,nfsI
b0578,ntr
b0579,ybdF
b0580,ybdJ
b0581,ybdK
b0582,insL2
b0583,entD
b0584,fepA
b0584,fep
b0584,feuB
b0585,fes
b0586,entF
b0587,fepE
b0588,fepC
b0589,fepG
b0590,fepD
b0591,entS
b0591,ybdA
b0592,fepB
b0593,entC
b0594,entE
b0595,entB
b0595,entG
b0596,entA
b0597,entH
b0597,ybdB
b0598,cstA
b0598,ybdC
b0599,ybdH
b0600,ybdL
b0601,ybdM
b0602,ybdN
b0603,ybdO
b0604,dsbG
b0604,ybdP
b0605,ahpC
b0606,ahpF
b0607,uspG
b0607,ybdQ
b0607,yzzU
b0608,ybdR
b0610,rnk
b0611,rna
b0611,rnsA
b0612,citT
b0612,ybdS
b0613,citG
b0613,ybdT
b0614,citX
b0614,ybdU
b0615,citF
b0615,ybdV
b0616,citE
b0616,ybdW
b0617,citD
b0617,ybdX
b0618,citC
b0618,ybeO
b0619,dpiB
b0619,citA
b0619,mpdB
b0619,ybeP
b0620,dpiA
b0620,citB
b0620,criR
b0620,mpdA
b0621,dcuC
b0622,pagP
b0622,crcA
b0622,ybeG
b0623,cspE
b0623,gicA
b0623,msmC
b0624,crcB
b0624,ybeI
b0627,tatE
b0627,ybeC
b0628,lipA
b0628,lip
b0629,ybeF
b0630,lipB
b0631,ybeD
b0632,dacA
b0632,pfv
b0633,rlpA
b0634,mrdB
b0634,rodA
b0635,mrdA
b0635,pbpA
b0636,rlmH
b0636,ybeA
b0637,rsfS
b0637,rsfA
b0637,slm3
b0637,ybeB
b0638,cobC
b0638,phpB
b0639,nadD
b0639,ybeN
b0640,holA
b0641,lptE
b0641,rlpB
b0642,leuS
b0643,ybeL
b0644,ybeQ
b0645,ybeR
b0646,djlB
b0646,ybeS
b0647,ybeT
b0648,ybeU
b0649,djlC
b0649,ybeV
b0650,hscC
b0650,ybeW
b0651,rihA
b0651,ybeK
b0652,gltL
b0653,gltK
b0654,gltJ
b0655,gltI
b0655,ybeJ
b0655,yzzK
b0656,insH3
b0657,lnt
b0657,cutE
b0658,corC
b0658,ybeX
b0659,ybeY
b0660,ybeZ
b0661,miaB
b0661,yleA
b0662,ubiF
b0662,yleB
b0674,asnB
b0675,nagD
b0676,nagC
b0676,nagR
b0677,nagA
b0678,nagB
b0678,glmD
b0679,nagE
b0679,pstN
b0680,glnS
b0681,chiP
b0681,ybfM
b0682,chiQ
b0682,ybfN
b0683,fur
b0684,fldA
b0685,ybfE
b0686,ybfF
b0687,seqA
b0688,pgm
b0689,ybfP
b0691,ybfG
b0692,potE
b0693,speF
b0694,kdpE
b0695,kdpD
b0696,kdpC
b0697,kdpB
b0698,kdpA
b0699,ybfA
b0700,rhsC
b0702,ybfB
b0703,ybfO
b0704,ybfC
b0705,ybfL
b0706,ybfD
b0707,ybgA
b0708,phrB
b0708,phr
b0709,dtpD
b0709,ybgH
b0710,ybgI
b0711,ybgJ
b0712,ybgK
b0713,ybgL
b0714,nei
b0715,abrB
b0715,ybgN
b0716,ybgO
b0717,ybgP
b0718,ybgQ
b0719,ybgD
b0720,gltA
b0720,gluT
b0720,icdB
b0721,sdhC
b0721,cybA
b0722,sdhD
b0723,sdhA
b0724,sdhB
b0726,sucA
b0727,sucB
b0728,sucC
b0729,sucD
b0730,mngR
b0730,farR
b0730,g30
b0730,ybgB
b0731,hrsA
b0732,mngB
b0732,ybgG
b0733,cydA
b0733,cyd-1
b0734,cydB
b0734,cyd-2
b0735,ybgE
b0736,ybgC
b0737,tolQ
b0737,fii
b0738,tolR
b0739,tolA
b0739,cim
b0739,excC
b0739,lky
b0740,tolB
b0741,pal
b0741,excC
b0742,cpoB
b0742,ybgF
b0750,nadA
b0750,nicA
b0751,pnuC
b0752,zitB
b0752,ybgR
b0753,ybgS
b0754,aroG
b0755,gpmA
b0755,gpm
b0755,pgm
b0755,pgmA
b0756,galM
b0757,galK
b0757,galA
b0758,galT
b0758,galB
b0759,galE
b0759,galD
b0760,modF
b0760,phrA
b0761,modE
b0761,modR
b0762,acrZ
b0762,ybhT
b0763,modA
b0764,modB
b0764,chlJ
b0765,modC
b0765,chlD
b0765,narD
b0766,ybhA
b0767,pgl
b0767,ybhE
b0768,ybhD
b0769,ybhH
b0770,ybhI
b0771,ybhJ
b0772,ybhC
b0773,ybhB
b0774,bioA
b0775,bioB
b0776,bioF
b0777,bioC
b0778,bioD1
b0779,uvrB
b0780,ybhK
b0781,moaA
b0781,bisA
b0781,chlA
b0781,chlA1
b0781,narA
b0782,moaB
b0782,chlA2
b0783,moaC
b0783,chlA3
b0784,moaD
b0784,chlA4
b0784,chlM
b0785,moaE
b0785,chlA5
b0786,ybhL
b0787,ybhM
b0788,ybhN
b0789,clsB
b0789,ybhO
b0790,ybhP
b0791,ybhQ
b0792,ybhR
b0793,ybhS
b0794,ybhF
b0795,ybhG
b0796,ybiH
b0797,rhlE
b0798,ybiA
b0799,dinG
b0799,rarB
b0800,ybiB
b0801,ybiC
b0802,ybiJ
b0803,ybiI
b0804,ybiX
b0805,fiu
b0805,ybiL
b0806,mcbA
b0806,ybiM
b0807,rlmF
b0807,ybiN
b0808,ybiO
b0809,glnQ
b0810,glnP
b0811,glnH
b0812,dps
b0812,pexB
b0812,vtm
b0813,rhtA
b0813,ybiF
b0814,ompX
b0814,ybiG
b0815,opgE
b0815,ybiP
b0817,mntR
b0817,ybiQ
b0818,ybiR
b0819,ybiS
b0820,ybiT
b0821,ybiU
b0822,ybiV
b0822,supH
b0823,ybiW
b0824,ybiY
b0825,fsaA
b0825,fsa
b0825,mipB
b0825,ybiZ
b0826,moeB
b0826,chlN
b0827,moeA
b0827,bisB
b0827,chlE
b0827,narE
b0828,iaaA
b0828,spt
b0828,ybiK
b0829,gsiA
b0829,yliA
b0830,gsiB
b0830,yliB
b0831,gsiC
b0831,yliC
b0832,gsiD
b0832,yliD
b0833,yliE
b0834,yliF
b0835,rimO
b0835,yliG
b0836,bssR
b0836,yliH
b0837,yliI
b0838,gstB
b0838,yliJ
b0839,dacC
b0840,deoR
b0840,nucR
b0841,ybjG
b0842,mdfA
b0842,cmlA
b0842,cmr
b0843,ybjH
b0844,ybjI
b0845,ybjJ
b0846,rcdA
b0846,ybjK
b0847,ybjL
b0848,ybjM
b0849,grxA
b0849,grx
b0850,ybjC
b0851,nfsA
b0851,mda18
b0851,mdaA
b0851,ybjB
b0852,rimK
b0853,ybjN
b0854,potF
b0855,potG
b0856,potH
b0857,potI
b0858,ybjO
b0859,rlmC
b0859,rumB
b0859,ybjF
b0860,artJ
b0861,artM
b0862,artQ
b0863,artI
b0864,artP
b0865,ybjP
b0866,ybjQ
b0867,amiD
b0867,ybjR
b0868,ybjS
b0869,ybjT
b0870,ltaE
b0870,ybjU
b0871,poxB
b0872,hcr
b0872,ybjV
b0873,hcp
b0873,ybjW
b0874,lysO
b0874,ybjE
b0875,aqpZ
b0875,bniP
b0876,ybjD
b0877,ybjX
b0878,macA
b0878,ybjY
b0879,macB
b0879,ybjZ
b0880,cspD
b0880,cspH
b0880,ybjA
b0881,clpS
b0881,yljA
b0882,clpA
b0882,lopD
b0884,infA
b0885,aat
b0885,ycaA
b0886,cydC
b0886,mdrA
b0886,mdrH
b0886,surB
b0887,cydD
b0887,htrD
b0888,trxB
b0889,lrp
b0889,alsB
b0889,ihb
b0889,livR
b0889,oppI
b0890,ftsK
b0891,lolA
b0891,lplA
b0891,yzzV
b0892,rarA
b0892,mgsA
b0892,ycaJ
b0893,serS
b0894,dmsA
b0895,dmsB
b0896,dmsC
b0897,ycaC
b0898,ycaD
b0899,ycaM
b0900,ycaN
b0901,ycaK
b0902,pflA
b0902,act
b0903,pflB
b0903,pfl
b0904,focA
b0904,ycaE
b0905,ycaO
b0906,ycaP
b0907,serC
b0907,pdxC
b0907,pdxF
b0908,aroA
b0909,ycaL
b0910,cmk
b0910,mssA
b0910,ycaF
b0910,ycaG
b0911,rpsA
b0911,ssyF
b0912,ihfB
b0912,himD
b0912,hip
b0913,ycaI
b0914,msbA
b0915,lpxK
b0915,ycaH
b0916,ycaQ
b0917,ycaR
b0918,kdsB
b0919,ycbJ
b0920,elyC
b0920,ycbC
b0921,cmoM
b0921,smtA
b0921,ycbD
b0922,mukF
b0922,kicB
b0923,mukE
b0923,kicA
b0923,ycbA
b0924,mukB
b0925,ycbB
b0926,ycbK
b0927,ycbL
b0928,aspC
b0929,ompF
b0929,cmlB
b0929,coa
b0929,cry
b0929,tolF
b0930,asnS
b0930,tss
b0931,pncB
b0932,pepN
b0933,ssuB
b0933,ycbE
b0934,ssuC
b0934,ycbM
b0935,ssuD
b0935,ycbN
b0936,ssuA
b0936,ycbO
b0937,ssuE
b0937,ycbP
b0938,elfA
b0938,ycbQ
b0939,elfD
b0939,ycbR
b0940,elfC
b0940,ycbS
b0941,elfG
b0941,ycbT
b0942,ycbU
b0943,ycbV
b0944,ycbF
b0945,pyrD
b0946,zapC
b0946,ycbW
b0947,ycbX
b0948,rlmL
b0948,rlmK
b0948,rlmKL
b0948,ycbY
b0949,uup
b0949,ycbH
b0949,ycbI
b0950,pqiA
b0950,pqi5A
b0951,pqiB
b0951,pqi5B
b0952,ymbA
b0953,rmf
b0954,fabA
b0955,ycbZ
b0956,matP
b0956,ycbG
b0957,ompA
b0957,con
b0957,tolG
b0957,tut
b0958,sulA
b0958,sfiA
b0959,sxy
b0959,tfoX
b0959,yccR
b0960,yccS
b0961,yccF
b0962,helD
b0963,mgsA
b0963,yccG
b0964,yccT
b0965,yccU
b0966,hspQ
b0966,yccV
b0967,rlmI
b0967,yccW
b0968,yccX
b0969,tusE
b0969,yccK
b0970,yccA
b0972,hyaA
b0973,hyaB
b0974,hyaC
b0975,hyaD
b0976,hyaE
b0977,hyaF
b0978,appC
b0978,cbdA
b0978,cyxA
b0979,appB
b0979,cbdB
b0979,cyxB
b0980,appA
b0981,etk
b0981,yccC
b0982,etp
b0982,yccY
b0983,gfcE
b0983,yccZ
b0984,gfcD
b0984,ymcA
b0985,gfcC
b0985,ymcB
b0986,gfcB
b0986,ymcC
b0987,gfcA
b0987,ymcD
b0988,insB4
b0989,cspH
b0989,cspK
b0990,cspG
b0990,cspI
b0991,ymcE
b0991,sfa
b0992,yccM
b0993,torS
b0993,yccI
b0994,torT
b0994,yccH
b0995,torR
b0996,torC
b0997,torA
b0998,torD
b0999,cbpM
b0999,yccD
b1000,cbpA
b1001,yccE
b1002,agp
b1003,yccJ
b1004,wrbA
b1006,rutG
b1006,ycdG
b1007,rutF
b1007,ycdH
b1008,rutE
b1008,ycdI
b1009,rutD
b1009,ycdJ
b1010,rutC
b1010,ycdK
b1011,rutB
b1011,ycdL
b1012,rutA
b1012,ycdM
b1013,rutR
b1013,ycdC
b1014,putA
b1014,poaA
b1015,putP
b1018,efeO
b1018,ycdO
b1019,efeB
b1019,ycdB
b1020,phoH
b1020,psiH
b1021,pgaD
b1021,ycdP
b1022,pgaC
b1022,ycdQ
b1023,pgaB
b1023,ycdR
b1024,pgaA
b1024,ycdS
b1025,ycdT
b1026,insF4
b1027,insE4
b1028,ymdE
b1029,ycdU
b1033,ghrA
b1033,ycdW
b1034,ycdX
b1035,ycdY
b1036,ycdZ
b1037,csgG
b1038,csgF
b1039,csgE
b1040,csgD
b1041,csgB
b1042,csgA
b1043,csgC
b1044,ymdA
b1045,ymdB
b1046,clsC
b1046,ymdC
b1047,mdoC
b1047,opgC
b1047,ymdD
b1048,mdoG
b1048,opgG
b1049,mdoH
b1049,opgH
b1050,yceK
b1051,msyB
b1053,mdtG
b1053,yceE
b1054,lpxL
b1054,htrB
b1054,waaM
b1055,yceA
b1056,yceI
b1057,yceJ
b1058,yceO
b1059,solA
b1060,bssS
b1060,yceP
b1061,dinI
b1062,pyrC
b1063,yceB
b1064,grxB
b1065,mdtH
b1065,yceL
b1066,rimJ
b1067,yceH
b1068,yceM
b1068,mviM
b1069,murJ
b1069,mviN
b1069,yceN
b1070,flgN
b1071,flgM
b1072,flgA
b1073,flgB
b1073,flaFII
b1073,flbA
b1074,flgC
b1074,flaFIII
b1074,flaW
b1075,flgD
b1075,flaFIV
b1075,flaV
b1076,flgE
b1076,flaFV
b1076,flaK
b1077,flgF
b1077,flaFVI
b1077,flaX
b1078,flgG
b1078,flaFVII
b1078,flaL
b1079,flgH
b1079,flaFVIII
b1079,flaY
b1080,flgI
b1080,flaFIX
b1080,flaM
b1081,flgJ
b1081,flaFX
b1081,flaZ
b1082,flgK
b1082,flaS
b1082,flaW
b1083,flgL
b1083,flaT
b1083,flaU
b1084,rne
b1084,ams
b1084,hmp1
b1085,yceQ
b1086,rluC
b1086,yceC
b1087,yceF
b1088,yceD
b1088,g30k
b1089,rpmF
b1090,plsX
b1091,fabH
b1092,fabD
b1092,tfpA
b1093,fabG
b1094,acpP
b1095,fabF
b1095,fabJ
b1096,pabC
b1097,mltG
b1097,yceG
b1098,tmk
b1098,ycfG
b1099,holB
b1100,ycfH
b1101,ptsG
b1101,glcA
b1101,umg
b1102,fhuE
b1103,hinT
b1103,ycfF
b1104,ycfL
b1105,lpoB
b1105,ycfM
b1106,thiK
b1106,ycfN
b1107,nagZ
b1107,ycfO
b1108,ycfP
b1109,ndh
b1110,ycfJ
b1111,comR
b1111,ycfQ
b1112,bhsA
b1112,comC
b1112,ycfR
b1113,ycfS
b1114,mfd
b1115,ycfT
b1116,lolC
b1116,ycfU
b1117,lolD
b1117,ycfV
b1118,lolE
b1118,ycfW
b1119,nagK
b1119,ycfX
b1120,cobB
b1120,ycfY
b1121,ycfZ
b1122,ymfA
b1123,potD
b1124,potC
b1125,potB
b1126,potA
b1127,pepT
b1128,roxA
b1128,ycfD
b1129,phoQ
b1130,phoP
b1131,purB
b1132,hflD
b1132,ycfC
b1133,mnmA
b1133,asuE
b1133,trmU
b1133,ycfB
b1134,nudJ
b1134,ymfB
b1135,rluE
b1135,ymfC
b1136,icd
b1136,icdA
b1136,icdE
b1137,ymfD
b1138,ymfE
b1139,lit
b1140,intE
b1140,ycfI
b1141,xisE
b1141,vxis
b1141,ymfG
b1142,NA
b1143,ymfI
b1144,ymfJ
b1145,cohE
b1145,ymfK
b1146,croE
b1146,ymfT
b1147,ymfL
b1148,ymfM
b1149,ymfN
b1150,ymfR
b1151,beeE
b1151,ymfO
b1152,jayE
b1152,ymfP
b1153,ymfQ
b1154,stfP
b1154,ycfK
b1155,ymfS
b1156,tfaE
b1156,ycfA
b1157,stfE
b1158,pinE
b1158,pin
b1159,mcrA
b1159,rglA
b1160,iraM
b1160,elb1
b1160,elbA
b1160,ycgW
b1161,ycgX
b1162,bluR
b1162,ycgE
b1163,bluF
b1163,blrp
b1163,ycgF
b1164,ycgZ
b1165,ymgA
b1166,ariR
b1166,ymgB
b1167,ymgC
b1168,ycgG
b1171,ymgD
b1172,ymgG
b1174,minE
b1175,minD
b1176,minC
b1177,ycgJ
b1178,pliG
b1178,ycgK
b1179,ycgL
b1180,ycgM
b1181,ycgN
b1182,hlyE
b1182,clyA
b1182,hpr
b1182,sheA
b1182,ycgD
b1183,umuD
b1184,umuC
b1185,dsbB
b1185,roxB
b1185,ycgA
b1186,nhaB
b1187,fadR
b1187,oleR
b1187,thdB
b1188,ycgB
b1189,dadA
b1189,dadR
b1190,dadX
b1190,alnB
b1190,dadB
b1191,cvrA
b1191,nhaP2
b1191,ycgO
b1192,ldcA
b1192,ycgQ
b1193,emtA
b1193,mltE
b1193,sltZ
b1193,ycgP
b1194,ycgR
b1195,ymgE
b1195,tag
b1196,ycgY
b1197,treA
b1197,osmA
b1198,dhaM
b1198,ycgC
b1199,dhaL
b1199,ycgS
b1200,dhaK
b1200,ycgT
b1201,dhaR
b1201,ycgU
b1202,ycgV
b1203,ychF
b1203,engD
b1203,gtp1
b1204,pth
b1205,ychH
b1206,dauA
b1206,ychM
b1207,prs
b1207,prsA
b1208,ispE
b1208,ipk
b1208,ychB
b1209,lolB
b1209,hemM
b1209,ychC
b1210,hemA
b1211,prfA
b1211,sueB
b1211,uar
b1212,prmC
b1212,hemK
b1213,sirB2
b1213,ychQ
b1214,sirB1
b1214,ychA
b1215,kdsA
b1216,chaA
b1217,chaB
b1218,chaC
b1219,ychN
b1220,ychO
b1220,ychP
b1221,narL
b1221,frdR
b1222,narX
b1222,narR
b1223,narK
b1224,narG
b1224,bisD
b1224,narC
b1225,narH
b1226,narJ
b1227,narI
b1227,chlI
b1228,ychS
b1229,tpr
b1232,purU
b1232,tgs
b1232,ychI
b1233,ychJ
b1234,rssA
b1234,ychK
b1235,rssB
b1235,hnr
b1235,sprE
b1235,ychL
b1236,galU
b1236,ychD
b1237,hns
b1237,bglY
b1237,cur
b1237,drdX
b1237,hnsA
b1237,msyA
b1237,osmZ
b1237,pilG
b1237,topS
b1238,tdk
b1241,adhE
b1241,ana
b1242,ychE
b1243,oppA
b1244,oppB
b1245,oppC
b1246,oppD
b1247,oppF
b1248,yciU
b1249,clsA
b1249,cls
b1249,nov
b1249,yciJ
b1250,kch
b1251,yciI
b1252,tonB
b1252,exbA
b1253,yciA
b1254,yciB
b1254,ispZ
b1255,yciC
b1256,ompW
b1256,yciD
b1257,yciE
b1258,yciF
b1259,yciG
b1260,trpA
b1261,trpB
b1262,trpC
b1262,trpF
b1263,trpGD
b1263,trpD
b1264,trpE
b1265,trpL
b1265,trpEE
b1266,yciV
b1266,trpH
b1267,yciO
b1268,yciQ
b1268,yciP
b1269,rluB
b1269,yciL
b1270,btuR
b1270,cobA
b1271,yciK
b1272,sohB
b1273,yciN
b1274,topA
b1274,supX
b1275,cysB
b1276,acnA
b1276,acn
b1277,ribA
b1278,pgpB
b1279,lapA
b1279,yciS
b1280,lapB
b1280,yciM
b1281,pyrF
b1282,yciH
b1283,osmB
b1284,yciT
b1285,gmr
b1285,yciR
b1286,rnb
b1287,yciW
b1288,fabI
b1288,envM
b1289,ycjD
b1290,sapF
b1291,sapD
b1292,sapC
b1293,sapB
b1294,sapA
b1295,ymjA
b1296,puuP
b1296,ycjJ
b1297,puuA
b1297,ycjK
b1298,puuD
b1298,ycjL
b1299,puuR
b1299,ycjC
b1300,puuC
b1300,aldH
b1301,puuB
b1301,ordL
b1301,ycjA
b1302,puuE
b1302,goaG
b1303,pspF
b1303,ycjB
b1304,pspA
b1305,pspB
b1306,pspC
b1307,pspD
b1308,pspE
b1309,ycjM
b1310,ycjN
b1311,ycjO
b1312,ycjP
b1313,ycjQ
b1314,ycjR
b1315,ycjS
b1316,ycjT
b1317,ycjU
b1319,ompG
b1320,ycjW
b1321,ycjX
b1322,ycjF
b1323,tyrR
b1324,tpx
b1324,yzzJ
b1325,ycjG
b1325,ycjH
b1326,mpaA
b1326,ycjI
b1327,ycjY
b1328,pgrR
b1328,ycjZ
b1329,mppA
b1329,ynaH
b1330,ynaI
b1331,insH4
b1332,ynaJ
b1333,uspE
b1333,ydaA
b1334,fnr
b1334,nirR
b1335,ogt
b1336,abgT
b1336,ydaH
b1337,abgB
b1337,ydaI
b1338,abgA
b1338,ydaJ
b1339,abgR
b1340,smrA
b1340,ydaL
b1341,ydaM
b1342,zntB
b1342,ydaN
b1343,dbpA
b1344,ttcA
b1344,ydaO
b1345,intR
b1345,ydaP
b1346,ydaQ
b1347,rcbA
b1347,ydaC
b1348,ralR
b1348,lar
b1348,ral
b1348,ydaB
b1349,recT
b1350,recE
b1351,racC
b1352,kilR
b1352,kil
b1352,ydaD
b1353,sieB
b1355,ydaG
b1356,racR
b1356,ydaR
b1357,ydaS
b1358,ydaT
b1359,ydaU
b1360,ydaV
b1361,ydaW
b1362,rzpR
b1363,trkG
b1365,ynaK
b1366,ydaY
b1368,ynaA
b1370,insH5
b1372,stfR
b1372,ynaB
b1373,tfaR
b1373,ynaC
b1374,pinR
b1374,ynaD
b1375,ynaE
b1376,uspF
b1376,ynaF
b1376,yzzL
b1377,ompN
b1377,ynaG
b1378,ydbK
b1379,hslJ
b1379,ydbI
b1380,ldhA
b1380,hslI
b1380,htpH
b1381,ydbH
b1382,ynbE
b1383,ydbL
b1384,feaR
b1384,maoB
b1384,maoR
b1384,ydbM
b1385,feaB
b1385,maoB
b1385,padA
b1385,ydbG
b1386,tynA
b1386,maoA
b1387,paaZ
b1387,maoC
b1387,ydbN
b1388,paaA
b1388,ydbO
b1389,paaB
b1389,ynbF
b1390,paaC
b1390,ydbP
b1391,paaD
b1391,ydbQ
b1392,paaE
b1392,ydbR
b1393,paaF
b1393,ydbR
b1394,paaG
b1394,ydbT
b1395,paaH
b1395,ydbU
b1396,paaI
b1396,ydbV
b1397,paaJ
b1397,paaE
b1397,ydbW
b1398,paaK
b1399,paaX
b1399,ydbY
b1400,paaY
b1400,ydbZ
b1402,insD2
b1403,insC2
b1404,insI3
b1406,ydbC
b1407,ydbD
b1408,ynbA
b1409,ynbB
b1410,ynbC
b1411,ynbD
b1412,azoR
b1412,acpD
b1413,hrpA
b1414,ydcF
b1415,aldA
b1415,ald
b1418,cybB
b1419,ydcA
b1420,mokB
b1421,trg
b1422,ydcI
b1423,ydcJ
b1424,mdoD
b1424,opgD
b1424,ydcG
b1424,yzzZ
b1426,ydcH
b1427,rimL
b1428,ydcK
b1429,tehA
b1430,tehB
b1431,ydcL
b1432,insQ
b1432,tnpB
b1432,ydcM
b1433,ydcO
b1434,sutR
b1434,ydcN
b1435,ydcP
b1436,yncJ
b1438,hicB
b1438,ydcQ
b1439,ydcR
b1440,ydcS
b1441,ydcT
b1442,ydcU
b1443,ydcV
b1444,prr
b1444,ydcW
b1445,ortT
b1445,ydcX
b1446,ydcY
b1447,ydcZ
b1448,mnaT
b1448,yncA
b1449,curA
b1449,yncB
b1450,mcbR
b1450,yncC
b1451,yncD
b1452,yncE
b1453,ansP
b1453,yncF
b1454,yncG
b1455,yncH
b1456,rhsE
b1457,ydcD
b1459,yncI
b1459,yncM
b1460,ydcC
b1461,pptA
b1461,ydcE
b1462,yddH
b1463,nhoA
b1463,yddI
b1464,yddE
b1465,narV
b1466,narW
b1467,narY
b1468,narZ
b1469,narU
b1469,yddF
b1470,yddJ
b1471,yddK
b1472,yddL
b1473,yddG
b1474,fdnG
b1475,fdnH
b1476,fdnI
b1477,yddM
b1478,adhP
b1478,yddN
b1479,maeA
b1479,sfcA
b1480,sra
b1480,rpsV
b1481,bdm
b1481,yddX
b1482,osmC
b1483,ddpF
b1483,yddO
b1484,ddpD
b1484,yddP
b1485,ddpC
b1485,yddQ
b1486,ddpB
b1486,yddR
b1487,ddpA
b1487,yddS
b1488,ddpX
b1488,vanX
b1488,yddT
b1489,dosP
b1489,dos
b1489,yddU
b1490,dosC
b1490,yddV
b1491,yddW
b1492,gadC
b1492,acsA
b1492,xasA
b1493,gadB
b1494,pqqL
b1494,yddC
b1495,yddB
b1496,yddA
b1497,ydeM
b1498,ydeN
b1499,ydeO
b1500,safA
b1500,yneN
b1501,ydeP
b1502,ydeQ
b1503,ydeR
b1504,ydeS
b1505,ydeT
b1506,yneL
b1507,hipA
b1508,hipB
b1509,ydeU
b1510,ydeK
b1510,orfT
b1511,lsrK
b1511,ydeV
b1512,lsrR
b1512,ydeW
b1513,lsrA
b1513,ego
b1513,ydeX
b1514,lsrC
b1514,ydeY
b1515,lsrD
b1515,ydeZ
b1516,lsrB
b1516,yneA
b1517,lsrF
b1517,yneB
b1518,lsrG
b1518,yneC
b1519,tam
b1519,yneD
b1520,yneE
b1521,uxaB
b1522,yneF
b1523,yneG
b1524,glsA2
b1524,yneH
b1525,sad
b1525,yneI
b1526,yneJ
b1527,yneK
b1528,sotB
b1528,ydeA
b1529,marC
b1529,ydeB
b1529,ydeC
b1530,marR
b1530,cfxB
b1530,inaR
b1530,soxQ
b1531,marA
b1532,marB
b1533,eamA
b1533,ydeD
b1534,ydeE
b1534,ydeF
b1535,ydeH
b1535,ydeG
b1536,ydeI
b1537,ydeJ
b1538,dcp
b1539,ydfG
b1540,rspR
b1540,ydfH
b1541,ydfZ
b1542,ydfI
b1544,ydfK
b1545,pinQ
b1545,ydfL
b1546,tfaQ
b1546,ydfM
b1547,stfQ
b1547,ydfN
b1548,nohA
b1549,ydfO
b1550,gnsB
b1550,ydfY
b1551,ynfN
b1552,cspI
b1552,cspJ
b1553,rzpQ
b1553,ydfP
b1554,arrQ
b1554,ydfQ
b1555,ydfR
b1556,essQ
b1556,ydfS
b1557,cspB
b1558,cspF
b1559,quuQ
b1559,ydfT
b1560,ydfU
b1561,rem
b1562,hokD
b1562,relF
b1563,relE
b1564,relB
b1565,ydfV
b1566,flxA
b1567,ydfW
b1568,ydfX
b1569,dicC
b1570,dicA
b1571,ydfA
b1572,ydfB
b1573,ydfC
b1573,rzpQ
b1575,dicB
b1576,ydfD
b1577,ydfE
b1578,insD8
b1579,intQ
b1580,rspB
b1581,rspA
b1582,ynfA
b1583,ynfB
b1584,speG
b1585,ynfC
b1586,ynfD
b1587,ynfE
b1588,ynfF
b1589,ynfG
b1590,ynfH
b1591,dmsD
b1591,ynfI
b1592,clcB
b1592,mriT
b1592,ynfJ
b1593,bioD2
b1593,ynfK
b1594,mlc
b1595,ynfL
b1596,ynfM
b1596,yzyC
b1597,asr
b1598,ydgD
b1599,mdtI
b1599,ydgE
b1600,mdtJ
b1600,ydgF
b1601,tqsA
b1601,ydgG
b1602,pntB
b1603,pntA
b1604,ydgH
b1605,ydgI
b1606,folM
b1606,ydgB
b1607,ydgC
b1608,rstA
b1608,urpT
b1609,rstB
b1609,uspT
b1610,tus
b1610,tau
b1611,fumC
b1612,fumA
b1613,manA
b1613,pmi
b1614,ydgA
b1615,uidC
b1615,gusC
b1616,uidB
b1616,gusB
b1616,uidP
b1617,uidA
b1617,gurA
b1617,gusA
b1618,uidR
b1618,gusR
b1619,hdhA
b1619,hsdH
b1620,malI
b1621,malX
b1622,malY
b1623,add
b1624,ydgJ
b1625,cnu
b1625,ydgT
b1626,ydgK
b1627,rsxA
b1627,rnfA
b1627,ydgL
b1628,rsxB
b1628,rnfB
b1628,ydgM
b1629,rsxC
b1629,rnfC
b1629,ydgN
b1630,rsxD
b1630,rnfD
b1630,ydgO
b1631,rsxG
b1631,rnfG
b1631,ydgP
b1632,rsxE
b1632,rnfE
b1632,ydgQ
b1633,nth
b1634,dtpA
b1634,tppB
b1634,ydgR
b1635,gstA
b1635,gst
b1636,pdxY
b1636,ydgS
b1637,tyrS
b1638,pdxH
b1639,mliC
b1639,ydhA
b1640,anmK
b1640,ydhH
b1641,slyB
b1642,slyA
b1643,ydhI
b1644,ydhJ
b1645,ydhK
b1646,sodC
b1647,ydhF
b1648,ydhL
b1649,nemR
b1649,ydhM
b1650,nemA
b1650,ydhN
b1651,gloA
b1652,rnt
b1653,lhr
b1653,rhlF
b1654,grxD
b1654,ydhD
b1655,mepH
b1655,ydhO
b1656,sodB
b1657,ydhP
b1658,purR
b1659,ydhB
b1660,ydhC
b1661,cfa
b1661,cdfA
b1662,ribC
b1662,ribE
b1663,mdtK
b1663,norE
b1663,norM
b1663,ydhE
b1664,ydhQ
b1667,ydhR
b1668,ydhS
b1669,ydhT
b1670,ydhU
b1671,ydhX
b1672,ydhW
b1673,ydhV
b1674,ydhY
b1675,ydhZ
b1676,pykF
b1677,lpp
b1677,mlpA
b1677,mulI
b1678,ynhG
b1679,sufE
b1679,ynhA
b1680,sufS
b1680,csdB
b1680,ynhB
b1681,sufD
b1681,ynhC
b1682,sufC
b1682,ynhD
b1683,sufB
b1683,ynhE
b1684,sufA
b1684,ydiC
b1685,ydiH
b1686,menI
b1686,ydiI
b1687,ydiJ
b1688,ydiK
b1689,ydiL
b1690,ydiM
b1691,ydiN
b1693,aroD
b1694,ydiF
b1695,ydiO
b1696,ydiP
b1697,ydiQ
b1698,ydiR
b1699,ydiS
b1700,ydiT
b1701,fadK
b1701,ydiD
b1702,ppsA
b1702,pps
b1703,ppsR
b1703,ydiA
b1704,aroH
b1705,ydiE
b1706,ydiU
b1707,ydiV
b1707,cdgR
b1708,nlpC
b1709,btuD
b1710,btuE
b1711,btuC
b1712,ihfA
b1712,hid
b1712,himA
b1713,pheT
b1714,pheS
b1715,pheM
b1715,phtL
b1716,rplT
b1716,pdzA
b1717,rpmI
b1718,infC
b1718,fit
b1718,srjA
b1719,thrS
b1722,ydiY
b1723,pfkB
b1724,ydiZ
b1725,yniA
b1726,yniB
b1727,yniC
b1728,ydjM
b1729,ydjN
b1730,ydjO
b1731,cedA
b1731,ydjP
b1732,katE
b1733,chbG
b1733,ydjC
b1734,chbF
b1734,celF
b1734,ydjD
b1735,chbR
b1735,celD
b1736,chbA
b1736,celC
b1737,chbC
b1737,celB
b1738,chbB
b1738,celA
b1739,osmE
b1739,anr
b1740,nadE
b1740,efg
b1740,ntrL
b1741,cho
b1741,ydjQ
b1742,ves
b1742,ydjR
b1743,spy
b1744,astE
b1744,ydjS
b1745,astB
b1745,ydjT
b1746,astD
b1746,ydjU
b1747,astA
b1747,ydjV
b1748,astC
b1748,argM
b1748,cstC
b1748,ydjW
b1749,xthA
b1749,xth
b1750,ydjX
b1751,ydjY
b1752,ydjZ
b1753,ynjA
b1754,ynjB
b1755,ynjC
b1756,ynjD
b1757,ynjE
b1758,ynjF
b1759,nudG
b1759,ynjG
b1760,ynjH
b1761,gdhA
b1762,ynjI
b1763,topB
b1764,selD
b1764,fdhB
b1765,ydjA
b1766,sppA
b1767,ansA
b1768,pncA
b1768,nam
b1768,ydjB
b1769,ydjE
b1770,ydjF
b1771,ydjG
b1772,ydjH
b1773,ydjI
b1774,ydjJ
b1775,ydjK
b1776,ydjL
b1777,yeaC
b1778,msrB
b1778,yeaA
b1779,gapA
b1780,yeaD
b1780,yzzQ
b1781,yeaE
b1782,mipA
b1782,yeaF
b1783,yeaG
b1784,yeaH
b1785,yeaI
b1786,yeaJ
b1787,yeaK
b1788,yoaI
b1789,yeaL
b1790,nimR
b1790,yeaM
b1791,nimT
b1791,yeaN
b1792,yeaO
b1793,yoaF
b1794,yeaP
b1795,yeaQ
b1796,yoaG
b1797,yeaR
b1798,leuE
b1798,yeaS
b1799,dmlR
b1799,yeaT
b1800,dmlA
b1800,yeaU
b1801,yeaV
b1802,yeaW
b1803,yeaX
b1804,rnd
b1805,fadD
b1805,oldD
b1806,yeaY
b1807,tsaB
b1807,yeaZ
b1808,yoaA
b1809,yoaB
b1810,yoaC
b1811,yoaH
b1812,pabB
b1813,nudL
b1813,yeaB
b1814,sdaA
b1815,adrB
b1815,yoaD
b1816,yoaE
b1817,manX
b1817,gptB
b1817,ptsL
b1818,manY
b1818,pel
b1818,ptsP
b1819,manZ
b1819,gptB
b1819,ptsM
b1820,yobD
b1821,mntP
b1821,yebN
b1822,rlmA
b1822,rrmA
b1822,yebH
b1823,cspC
b1823,msmB
b1824,yobF
b1825,yebO
b1826,mgrB
b1826,yobG
b1827,kdgR
b1827,yebP
b1828,yebQ
b1829,htpX
b1830,prc
b1830,tsp
b1831,proQ
b1831,yebJ
b1831,yobE
b1831,yoeC
b1832,msrC
b1832,yebR
b1833,yebS
b1834,yebT
b1835,rsmF
b1835,yebU
b1836,yebV
b1837,yebW
b1838,pphA
b1838,prpA
b1838,yebX
b1839,yebY
b1840,yebZ
b1841,yobA
b1842,holE
b1843,yobB
b1844,exoX
b1844,yobC
b1845,ptrB
b1845,tlp
b1846,yebE
b1847,yebF
b1848,yebG
b1849,purT
b1850,eda
b1850,hga
b1850,kdgA
b1851,edd
b1852,zwf
b1853,hexR
b1853,yebK
b1854,pykA
b1855,lpxM
b1855,msbB
b1856,mepM
b1856,yebA
b1857,znuA
b1857,yebL
b1857,yzzP
b1858,znuC
b1858,yebM
b1859,znuB
b1859,yebI
b1860,ruvB
b1861,ruvA
b1862,yebB
b1863,ruvC
b1864,yebC
b1865,nudB
b1865,ntpA
b1866,aspS
b1866,tls
b1867,yecD
b1868,yecE
b1869,yecN
b1870,cmoA
b1870,yecO
b1871,cmoB
b1871,yecP
b1872,torZ
b1872,bisZ
b1873,torY
b1873,yecK
b1874,cutC
b1874,cutCM
b1875,yecM
b1875,yecL
b1876,argS
b1877,yecT
b1878,flhE
b1879,flhA
b1880,flhB
b1880,yecQ
b1881,cheZ
b1882,cheY
b1883,cheB
b1884,cheR
b1884,cheX
b1885,tap
b1886,tar
b1886,cheM
b1887,cheW
b1888,cheA
b1889,motB
b1890,motA
b1890,flaJ
b1891,flhC
b1891,flaI
b1892,flhD
b1892,flbB
b1893,insB5
b1894,insA5
b1895,uspC
b1895,yecG
b1896,otsA
b1897,otsB
b1900,araG
b1901,araF
b1902,ftnB
b1902,yecI
b1904,yecR
b1905,ftnA
b1905,ftn
b1905,gen-165
b1905,rsgA
b1906,yecH
b1907,tyrP
b1908,yecA
b1912,pgsA
b1913,uvrC
b1914,uvrY
b1914,yecB
b1915,yecF
b1916,sdiA
b1917,yecC
b1918,yecS
b1919,dcyD
b1919,yedO
b1920,fliY
b1920,yzzR
b1921,fliZ
b1921,yedH
b1922,fliA
b1922,flaD
b1922,rpoF
b1923,fliC
b1923,flaF
b1923,hag
b1924,fliD
b1924,flaV
b1924,flbC
b1925,fliS
b1926,fliT
b1927,amyA
b1927,yedC
b1928,yedD
b1929,yedE
b1930,yedF
b1931,yedK
b1931,yedG
b1932,yedL
b1935,yedM
b1936,intG
b1937,fliE
b1937,flaAI
b1937,flaN
b1938,fliF
b1938,flaAII.1
b1938,flaBI
b1939,fliG
b1939,flaAII.2
b1939,flaBII
b1940,fliH
b1940,flaAII.3
b1940,flaBIII
b1941,fliI
b1941,flaAIII
b1941,flaC
b1942,fliJ
b1942,flaO
b1942,flaS
b1943,fliK
b1943,flaE
b1943,flaR
b1944,fliL
b1944,cheC1
b1944,flaAI
b1944,flaQI
b1945,fliM
b1945,cheC2
b1945,flaAII
b1945,flaQII
b1946,fliN
b1946,flaN
b1946,motD
b1947,fliO
b1947,flaP
b1947,flbD
b1948,fliP
b1948,flaR
b1949,fliQ
b1949,flaQ
b1950,fliR
b1950,flaP
b1951,rcsA
b1952,dsrB
b1953,yodD
b1955,yedP
b1956,yedQ
b1957,yodC
b1958,yedI
b1959,yedA
b1960,vsr
b1961,dcm
b1961,mec
b1962,yedJ
b1963,yedR
b1967,hchA
b1967,yedU
b1967,yzzC
b1968,yedV
b1969,yedW
b1970,hiuH
b1970,yedX
b1971,msrP
b1971,yedY
b1972,msrQ
b1972,yedZ
b1973,zinT
b1973,yodA
b1974,yodB
b1976,mtfA
b1976,yeeI
b1978,yeeJ
b1981,shiA
b1981,yeeM
b1982,amn
b1983,yeeN
b1985,yeeO
b1987,cbl
b1988,nac
b1990,erfK
b1990,yeeG
b1990,yzzT
b1991,cobT
b1992,cobS
b1993,cobU
b1994,insH6
b1996,insD3
b1997,insC3
b1999,yeeP
b2000,flu
b2000,yeeQ
b2000,yzzX
b2001,yeeR
b2002,yeeS
b2003,yeeT
b2004,cbeA
b2004,yeeU
b2005,cbtA
b2005,yeeV
b2006,yeeW
b2007,yeeX
b2008,yeeA
b2009,sbmC
b2009,gyrI
b2009,yeeB
b2010,dacD
b2010,phsE
b2010,yeeC
b2011,sbcB
b2011,cpeA
b2011,xonA
b2012,yeeD
b2013,yeeE
b2014,plaP
b2014,yeeF
b2015,yeeY
b2016,yeeZ
b2017,yefM
b2018,hisL
b2019,hisG
b2020,hisD
b2021,hisC
b2022,hisB
b2023,hisH
b2024,hisA
b2025,hisF
b2026,hisI
b2026,hisIE
b2027,wzzB
b2027,cld
b2027,rol
b2027,wzz
b2028,ugd
b2028,pmrE
b2028,udg
b2028,yefA
b2029,gnd
b2030,insH7
b2032,wbbK
b2032,yefI
b2033,wbbJ
b2033,yefH
b2034,wbbI
b2034,yefG
b2035,rfc
b2035,yefF
b2036,glf
b2036,yefE
b2037,rfbX
b2037,wzx
b2038,rfbC
b2038,rmlC
b2039,rfbA
b2039,rmlA
b2039,rmlA1
b2040,rfbD
b2040,rmlD
b2041,rfbB
b2041,rmlB
b2042,galF
b2042,wcaN
b2043,wcaM
b2043,yefK
b2044,wcaL
b2044,yefL
b2045,wcaK
b2046,wzxC
b2046,wzx
b2047,wcaJ
b2048,manB
b2048,cpsG
b2048,rfbL
b2049,manC
b2049,cpsB
b2049,rfbM
b2050,wcaI
b2050,yefD
b2051,gmm
b2051,nudD
b2051,wcaH
b2051,yefC
b2052,fcl
b2052,wcaG
b2052,yefB
b2053,gmd
b2053,yefA
b2053,yefN
b2054,wcaF
b2055,wcaE
b2056,wcaD
b2057,wcaC
b2058,wcaB
b2059,wcaA
b2060,wzc
b2061,wzb
b2062,wza
b2063,yegH
b2064,asmA
b2064,yegA
b2065,dcd
b2065,dus
b2065,paxA
b2066,udk
b2067,yegE
b2068,alkA
b2068,aidA
b2069,yegD
b2070,yegI
b2071,yegJ
b2072,yegK
b2073,yegL
b2074,mdtA
b2074,yegM
b2075,mdtB
b2075,yegN
b2076,mdtC
b2076,yegO
b2077,mdtD
b2077,yegB
b2078,baeS
b2079,baeR
b2080,yegP
b2081,yegQ
b2082,ogrK
b2085,yegR
b2086,yegS
b2088,insE5
b2089,insF5
b2091,gatD
b2092,gatC
b2093,gatB
b2094,gatA
b2095,gatZ
b2096,gatY
b2096,yegF
b2097,fbaB
b2097,dhnA
b2098,yegT
b2099,yegU
b2100,yegV
b2101,yegW
b2102,yegX
b2103,thiD
b2103,thiJ
b2104,thiM
b2105,rcnR
b2105,yohL
b2106,rcnA
b2106,yohM
b2107,rcnB
b2107,yohN
b2108,yehA
b2109,yehB
b2110,yehC
b2111,yehD
b2112,yehE
b2113,mrp
b2114,metG
b2118,yehI
b2119,yehL
b2120,yehM
b2120,yehN
b2120,yehO
b2121,yehP
b2122,yehQ
b2123,yehR
b2124,yehS
b2125,yehT
b2126,yehU
b2127,mlrA
b2127,yehV
b2128,yehW
b2129,yehX
b2130,yehY
b2131,yehZ
b2131,osmF
b2132,bglX
b2132,yohA
b2133,dld
b2134,pbpG
b2134,yohB
b2135,yohC
b2136,yohD
b2137,yohF
b2137,yohE
b2139,mdtQ
b2139,yohG
b2139,yohH
b2140,dusC
b2140,yohI
b2141,yohJ
b2142,yohK
b2143,cdd
b2144,sanA
b2144,yeiF
b2145,yeiS
b2146,preT
b2146,yeiT
b2147,preA
b2147,yeiA
b2148,mglC
b2149,mglA
b2150,mglB
b2151,galS
b2152,yeiB
b2153,folE
b2154,yeiG
b2155,cirA
b2155,cir
b2155,feuA
b2156,lysP
b2156,cadR
b2157,yeiE
b2158,yeiH
b2159,nfo
b2160,yeiI
b2161,nupX
b2161,yeiJ
b2162,rihB
b2162,yeiK
b2163,yeiL
b2163,nsr
b2164,psuT
b2164,pscT
b2164,yeiM
b2165,psuG
b2165,pscG
b2165,yeiN
b2166,psuK
b2166,pscK
b2166,yeiC
b2167,fruA
b2167,ptsF
b2168,fruK
b2168,fpk
b2169,fruB
b2169,fpr
b2169,fruF
b2170,setB
b2170,yeiO
b2171,yeiP
b2172,yeiQ
b2173,yeiR
b2174,lpxT
b2174,yeiU
b2175,mepS
b2175,spr
b2175,yeiV
b2176,rtn
b2177,yejA
b2178,yejB
b2179,yejE
b2180,yejF
b2181,yejG
b2182,bcr
b2182,bicA
b2182,bicR
b2182,sur
b2182,suxA
b2183,rsuA
b2183,yejD
b2184,radD
b2184,yejH
b2184,yejI
b2184,yejJ
b2185,rplY
b2186,yejK
b2187,yejL
b2188,yejM
b2188,yejN
b2190,yejO
b2192,insH8
b2193,narP
b2194,ccmH
b2194,yejP
b2195,dsbE
b2195,ccmG
b2195,yejQ
b2196,ccmF
b2196,yejR
b2197,ccmE
b2197,yejS
b2198,ccmD
b2198,yojM
b2199,ccmC
b2199,yejT
b2199,yejU
b2200,ccmB
b2200,yejV
b2201,ccmA
b2201,yejW
b2202,napC
b2202,yejX
b2203,napB
b2203,yejY
b2204,napH
b2204,yejZ
b2205,napG
b2205,yojA
b2205,yojB
b2206,napA
b2206,yojC
b2206,yojD
b2206,yojE
b2207,napD
b2207,yojF
b2208,napF
b2208,yojG
b2209,eco
b2209,eti
b2210,mqo
b2210,yojH
b2211,yojI
b2211,yojJ
b2212,alkB
b2212,aidD
b2213,ada
b2214,apbE
b2214,yojK
b2214,yojL
b2215,ompC
b2215,meoA
b2215,par
b2216,rcsD
b2216,yojN
b2216,yojP
b2216,yojQ
b2217,rcsB
b2218,rcsC
b2219,atoS
b2220,atoC
b2220,az
b2221,atoD
b2222,atoA
b2223,atoE
b2224,atoB
b2225,yfaP
b2226,yfaQ
b2229,yfaT
b2230,yfaA
b2230,pufY
b2231,gyrA
b2231,hisW
b2231,nalA
b2231,parD
b2232,ubiG
b2232,pufX
b2232,yfaB
b2233,yfaL
b2233,yfaF
b2233,yfaJ
b2233,yfaK
b2234,nrdA
b2234,dnaF
b2235,nrdB
b2235,ftsB
b2236,yfaE
b2237,inaA
b2237,yfaG
b2238,yfaH
b2239,glpQ
b2240,glpT
b2241,glpA
b2242,glpB
b2243,glpC
b2244,yfaD
b2245,rhmA
b2245,yfaU
b2246,rhmT
b2246,yfaV
b2247,rhmD
b2247,yfaW
b2248,rhmR
b2248,yfaX
b2249,yfaY
b2250,yfaZ
b2251,nudI
b2251,yfaO
b2252,ais
b2252,pmrG
b2253,arnB
b2253,pmrH
b2253,yfbE
b2254,arnC
b2254,pmrF
b2254,yfbF
b2255,arnA
b2255,pmrI
b2255,yfbG
b2256,arnD
b2256,pmrJ
b2256,yfbH
b2257,arnT
b2257,pmrK
b2257,yfbI
b2258,arnF
b2258,pmrM
b2258,yfbJ
b2259,pmrD
b2260,menE
b2261,menC
b2262,menB
b2263,menH
b2263,yfbB
b2264,menD
b2265,menF
b2265,yfbA
b2266,elaB
b2266,yfbD
b2267,elaA
b2267,yfbC
b2268,rbn
b2268,elaC
b2268,rnz
b2269,elaD
b2270,yfbK
b2271,yfbL
b2272,yfbM
b2273,yfbN
b2274,yfbO
b2275,yfbP
b2276,nuoN
b2277,nuoM
b2278,nuoL
b2279,nuoK
b2280,nuoJ
b2281,nuoI
b2282,nuoH
b2283,nuoG
b2284,nuoF
b2285,nuoE
b2286,nuoC
b2286,nuoCD
b2286,nuoD
b2287,nuoB
b2288,nuoA
b2289,lrhA
b2289,genR
b2290,alaA
b2290,yfbQ
b2291,yfbR
b2292,yfbS
b2293,yfbT
b2294,yfbU
b2295,yfbV
b2296,ackA
b2296,ack
b2297,pta
b2298,yfcC
b2299,yfcD
b2300,yfcE
b2301,yfcF
b2302,yfcG
b2303,folX
b2304,yfcH
b2305,yfcI
b2306,hisP
b2307,hisM
b2308,hisQ
b2309,hisJ
b2310,argT
b2311,ubiX
b2311,dedF
b2312,purF
b2313,cvpA
b2313,dedE
b2314,dedD
b2315,folC
b2315,dedC
b2316,accD
b2316,dedB
b2316,usg
b2317,dedA
b2318,truA
b2318,asuC
b2318,hisT
b2318,leuK
b2319,usg
b2320,pdxB
b2321,flk
b2321,div
b2322,yfcJ
b2323,fabB
b2323,fabC
b2324,mnmC
b2324,yfcK
b2325,yfcL
b2326,epmC
b2326,yfcM
b2327,yfcA
b2328,mepA
b2329,aroC
b2330,prmB
b2330,yfcB
b2331,yfcN
b2332,yfcO
b2333,yfcP
b2334,yfcQ
b2335,yfcR
b2336,yfcS
b2339,yfcV
b2340,sixA
b2340,yfcW
b2341,fadJ
b2341,yfcX
b2342,fadI
b2342,yfcY
b2343,yfcZ
b2344,fadL
b2344,ttr
b2345,yfdF
b2346,mlaA
b2346,vacJ
b2347,yfdC
b2349,intS
b2349,intC
b2349,yfdB
b2350,yfdG
b2351,yfdH
b2352,yfdI
b2353,tfaS
b2354,yfdK
b2355,yfdL
b2356,yfdM
b2357,yfdN
b2357,yzyA
b2358,yfdO
b2359,yfdP
b2360,yfdQ
b2361,yfdR
b2362,yfdS
b2363,yfdT
b2364,dsdC
b2365,dsdX
b2365,yfdA
b2365,yfdD
b2366,dsdA
b2367,emrY
b2368,emrK
b2369,evgA
b2370,evgS
b2371,yfdE
b2372,yfdV
b2373,oxc
b2373,yfdU
b2374,frc
b2374,yfdW
b2375,yfdX
b2376,ypdI
b2377,yfdY
b2378,lpxP
b2378,ddg
b2379,alaC
b2379,yfdZ
b2380,ypdA
b2381,ypdB
b2382,ypdC
b2383,fryA
b2383,ypdD
b2384,ypdE
b2385,ypdF
b2386,fryC
b2386,ypdG
b2387,fryB
b2387,ypdH
b2388,glk
b2389,yfeO
b2390,ypeC
b2392,mntH
b2392,yfeP
b2393,nupC
b2393,cru
b2394,insL3
b2395,yfeA
b2398,yfeC
b2399,yfeD
b2400,gltX
b2405,xapR
b2405,pndR
b2405,yfeB
b2406,xapB
b2407,xapA
b2407,pndA
b2408,yfeN
b2409,yfeR
b2410,yfeH
b2411,ligA
b2411,dnaL
b2411,lig
b2411,lop
b2411,pdeC
b2412,zipA
b2413,cysZ
b2414,cysK
b2414,cysZ
b2415,ptsH
b2415,hpr
b2416,ptsI
b2417,crr
b2417,gsr
b2417,iex
b2417,tgs
b2417,treD
b2418,pdxK
b2418,yfeI
b2419,yfeK
b2420,yfeS
b2421,cysM
b2422,cysA
b2423,cysW
b2424,cysU
b2424,cysT
b2425,cysP
b2426,ucpA
b2426,yfeF
b2427,murR
b2427,yfeT
b2428,murQ
b2428,yfeU
b2429,murP
b2429,yfeV
b2430,yfeW
b2431,yfeX
b2432,yfeY
b2433,yfeZ
b2434,ypeA
b2435,amiA
b2435,yfeE
b2436,hemF
b2437,eutR
b2437,yfeG
b2438,eutK
b2438,yffI
b2439,eutL
b2439,yffJ
b2440,eutC
b2441,eutB
b2442,intZ
b2443,yffL
b2444,yffM
b2445,yffN
b2446,yffO
b2447,yffP
b2448,yffQ
b2449,yffR
b2450,yffS
b2451,eutA
b2451,yffT
b2452,eutH
b2452,yffU
b2453,eutG
b2453,yffV
b2454,eutJ
b2454,yffW
b2455,eutE
b2455,yffX
b2456,eutN
b2456,cchB
b2456,yffY
b2457,eutM
b2457,cchA
b2457,yffZ
b2458,eutD
b2458,eutI
b2458,ypfA
b2459,eutT
b2459,ypfB
b2460,eutQ
b2460,ypfC
b2461,eutP
b2461,ypfD
b2462,eutS
b2462,ypfE
b2463,maeB
b2463,ypfF
b2464,talA
b2465,tktB
b2466,ypfG
b2467,nudK
b2467,yffH
b2468,aegA
b2468,yffG
b2469,narQ
b2470,acrD
b2470,yffA
b2471,yffB
b2472,dapE
b2472,msgB
b2473,ypfH
b2474,tmcA
b2474,ypfI
b2475,ypfJ
b2476,purC
b2477,bamC
b2477,dapX
b2477,nlpB
b2478,dapA
b2479,gcvR
b2479,yffD
b2480,bcp
b2481,hyfA
b2481,yffE
b2482,hyfB
b2482,yffF
b2483,hyfC
b2484,hyfD
b2485,hyfE
b2486,hyfF
b2487,hyfG
b2488,hyfH
b2489,hyfI
b2490,hyfJ
b2491,hyfR
b2492,focB
b2493,perM
b2493,yfgO
b2494,bepA
b2494,yfgC
b2495,yfgD
b2496,hda
b2496,idaB
b2496,yfgE
b2497,uraA
b2498,upp
b2498,uraP
b2499,purM
b2499,purG
b2500,purN
b2501,ppk
b2502,ppx
b2503,yfgF
b2504,yfgG
b2505,yfgH
b2506,yfgI
b2507,guaA
b2508,guaB
b2508,guaR
b2509,xseA
b2510,yfgJ
b2511,der
b2511,engA
b2511,yfgK
b2512,bamB
b2512,yfgL
b2513,yfgM
b2514,hisS
b2515,ispG
b2515,gcpE
b2516,rodZ
b2516,yfgA
b2517,rlmN
b2517,yfgB
b2518,ndk
b2519,pbpC
b2519,yfgN
b2520,yfhM
b2521,sseA
b2522,sseB
b2523,pepB
b2523,yfhI
b2524,iscX
b2524,yfhJ
b2525,fdx
b2526,hscA
b2526,hsc
b2527,hscB
b2527,yfhE
b2528,iscA
b2528,yfhF
b2529,iscU
b2529,nifU
b2529,yfhN
b2530,iscS
b2530,nuvC
b2530,yfhO
b2530,yzzO
b2531,iscR
b2531,yfhP
b2532,trmJ
b2532,yfhQ
b2533,suhB
b2533,ssyA
b2534,yfhR
b2535,csiE
b2536,hcaT
b2536,yfhS
b2537,hcaR
b2537,phdR
b2537,yfhT
b2538,hcaE
b2538,digA
b2538,hcaA
b2538,hcaA1
b2538,phdC1
b2538,yfhU
b2539,hcaF
b2539,digB
b2539,hcaA2
b2539,hcaB
b2539,phdC2
b2539,yfhV
b2540,hcaC
b2540,hcaA3
b2540,phdB
b2540,yfhW
b2541,hcaB
b2541,phdD
b2541,yfhX
b2542,hcaD
b2542,hcaA4
b2542,phdA
b2542,yfhY
b2543,yphA
b2544,yphB
b2545,yphC
b2546,yphD
b2547,yphE
b2548,yphF
b2549,yphG
b2550,yphH
b2551,glyA
b2552,hmp
b2552,fsrB
b2552,hmpA
b2553,glnB
b2554,glrR
b2554,yfhA
b2555,yfhG
b2556,glrK
b2556,yfhK
b2557,purL
b2557,purI
b2558,mltF
b2558,yfhD
b2559,tadA
b2559,yfhC
b2560,pgpC
b2560,yfhB
b2561,yfhH
b2562,yfhL
b2563,acpS
b2563,dpj
b2564,pdxJ
b2565,recO
b2566,era
b2566,rbaA
b2566,sdgE
b2567,rnc
b2568,lepB
b2569,lepA
b2570,rseC
b2571,rseB
b2572,rseA
b2572,mclA
b2572,yfiJ
b2573,rpoE
b2573,sigE
b2574,nadB
b2574,nicB
b2575,yfiC
b2576,srmB
b2576,rbaB
b2576,rhlA
b2577,yfiE
b2578,eamB
b2578,yfiK
b2579,grcA
b2579,yfiD
b2580,ung
b2581,yfiF
b2582,trxC
b2582,yfiG
b2583,yfiP
b2584,pka
b2584,patZ
b2584,yfiQ
b2585,pssA
b2585,pss
b2586,yfiM
b2587,kgtP
b2587,witA
b2592,clpB
b2592,htpM
b2593,yfiH
b2594,rluD
b2594,sfhB
b2594,yfiI
b2595,bamD
b2595,yfiO
b2597,raiA
b2597,yfiA
b2598,pheL
b2598,pheAE
b2599,pheA
b2600,tyrA
b2601,aroF
b2602,yfiL
b2603,yfiR
b2604,yfiN
b2605,yfiB
b2606,rplS
b2607,trmD
b2608,rimM
b2608,yfjA
b2609,rpsP
b2610,ffh
b2611,ypjD
b2614,grpE
b2615,nadK
b2615,yfjB
b2615,yfjE
b2616,recN
b2616,radB
b2617,bamE
b2617,smpA
b2618,ratB
b2618,pasI
b2618,yfjF
b2619,ratA
b2619,pasT
b2619,yfjG
b2620,smpB
b2620,smqB
b2622,intA
b2622,intX
b2622,slpA
b2623,yfjH
b2624,alpA
b2624,alp
b2625,yfjI
b2626,yfjJ
b2627,yfjK
b2628,yfjL
b2629,yfjM
b2630,rnlA
b2630,std
b2630,yfjN
b2631,rnlB
b2631,yfjO
b2632,yfjP
b2633,yfjQ
b2634,yfjR
b2635,ypjK
b2636,yfjS
b2637,yfjT
b2638,yfjU
b2641,yfjV
b2641,ypjM
b2642,yfjW
b2643,yfjX
b2644,yfjY
b2645,yfjZ
b2646,ypjF
b2647,ypjA
b2648,pinH
b2649,ypjB
b2650,ypjC
b2659,csiD
b2659,gab
b2659,ygaT
b2660,lhgO
b2660,ygaF
b2661,gabD
b2662,gabT
b2663,gabP
b2664,csiR
b2664,gabC
b2664,ygaE
b2665,ygaU
b2665,yzzM
b2666,yqaE
b2667,ygaV
b2668,ygaP
b2669,stpA
b2669,hnsB
b2670,alaE
b2670,ygaW
b2671,ygaC
b2672,ygaM
b2673,nrdH
b2673,ygaN
b2674,nrdI
b2674,ygaO
b2675,nrdE
b2676,nrdF
b2676,ygaD
b2677,proV
b2678,proW
b2679,proX
b2679,proU
b2681,ygaY
b2682,ygaZ
b2683,ygaH
b2684,mprA
b2684,emrR
b2685,emrA
b2686,emrB
b2687,luxS
b2687,ygaG
b2688,gshA
b2688,gsh-I
b2689,yqaA
b2690,yqaB
b2696,csrA
b2696,zfiA
b2697,alaS
b2697,lovB
b2698,recX
b2698,oraA
b2699,recA
b2699,lexB
b2699,recH
b2699,rnmB
b2699,tif
b2699,umuB
b2699,zab
b2700,pncC
b2700,ygaD
b2701,mltB
b2702,srlA
b2702,gutA
b2702,sbl
b2703,srlE
b2703,gutA
b2703,gutE
b2704,srlB
b2704,gutB
b2705,srlD
b2705,gutD
b2706,gutM
b2706,srlM
b2707,srlR
b2707,gutR
b2708,gutQ
b2708,srlQ
b2709,norR
b2709,ygaA
b2710,norV
b2710,flrD
b2710,ygaI
b2710,ygaJ
b2710,ygaK
b2711,norW
b2711,flrR
b2711,ygbD
b2712,hypF
b2712,hydA
b2713,hydN
b2714,ascG
b2715,ascF
b2716,ascB
b2717,hycI
b2718,hycH
b2718,hevH
b2719,hycG
b2719,hevG
b2720,hycF
b2720,hevF
b2721,hycE
b2721,hevE
b2722,hycD
b2722,hevD
b2723,hycC
b2723,hevC
b2724,hycB
b2724,hevB
b2725,hycA
b2725,hevA
b2726,hypA
b2727,hypB
b2728,hypC
b2729,hypD
b2730,hypE
b2731,fhlA
b2732,ygbA
b2733,mutS
b2733,fdv
b2734,pphB
b2734,prpB
b2734,ygbH
b2735,ygbI
b2736,ygbJ
b2737,ygbK
b2738,ygbL
b2739,ygbM
b2740,ygbN
b2741,rpoS
b2741,appR
b2741,katF
b2741,nur
b2741,otsX
b2741,sigS
b2742,nlpD
b2743,pcm
b2744,surE
b2744,ygbC
b2745,truD
b2745,ygbO
b2746,ispF
b2746,mecS
b2746,ygbB
b2747,ispD
b2747,ygbP
b2748,ftsB
b2748,ygbQ
b2749,ygbE
b2750,cysC
b2751,cysN
b2752,cysD
b2753,iap
b2754,ygbF
b2754,cas2
b2755,ygbT
b2755,cas1
b2756,casE
b2756,cas6e
b2756,ygcH
b2757,casD
b2757,cas5
b2757,ygcI
b2758,casC
b2758,cas4
b2758,cse4
b2758,ygcJ
b2759,casB
b2759,cse2
b2759,ygcK
b2760,casA
b2760,cse1
b2760,ygcL
b2761,ygcB
b2761,cas3
b2762,cysH
b2763,cysI
b2764,cysJ
b2765,queD
b2765,ygcM
b2766,ygcN
b2767,ygcO
b2768,ygcP
b2769,ygcQ
b2770,ygcR
b2771,ygcS
b2774,ygcW
b2775,yqcE
b2775,yqcF
b2776,ygcE
b2777,queE
b2777,ygcF
b2778,ygcG
b2779,eno
b2780,pyrG
b2781,mazG
b2782,mazF
b2782,chpA
b2782,chpAK
b2783,mazE
b2783,chpAI
b2783,chpR
b2784,relA
b2785,rlmD
b2785,rumA
b2785,ygcA
b2786,barA
b2787,gudD
b2787,ygcX
b2788,gudX
b2788,ygcY
b2789,gudP
b2789,ygcZ
b2790,yqcA
b2791,truC
b2791,yqcB
b2792,yqcC
b2793,syd
b2793,ydr
b2794,queF
b2794,yqcD
b2795,ygdH
b2796,sdaC
b2796,dcrA
b2797,sdaB
b2798,ygdG
b2798,exo
b2798,xni
b2799,fucO
b2800,fucA
b2800,fucC
b2800,prd
b2801,fucP
b2802,fucI
b2803,fucK
b2804,fucU
b2805,fucR
b2806,rlmM
b2806,ygdE
b2807,ygdD
b2808,gcvA
b2809,ygdI
b2810,csdA
b2810,ygdJ
b2811,csdE
b2811,ygdK
b2812,tcdA
b2812,csdL
b2812,ygdL
b2813,mltA
b2813,mlt
b2813,ygdM
b2817,amiC
b2817,ygdN
b2818,argA
b2819,recD
b2819,hopE
b2820,recB
b2820,ior
b2820,rorA
b2821,ptrA
b2821,ptr
b2822,recC
b2823,ppdC
b2823,ygdA
b2824,ygdB
b2825,ppdB
b2825,ygdC
b2826,ppdA
b2827,thyA
b2828,lgt
b2828,umpA
b2829,ptsP
b2829,ygdF
b2829,ygdO
b2830,rppH
b2830,nudH
b2830,ygdP
b2831,mutH
b2831,mutR
b2831,prv
b2832,ygdQ
b2833,ygdR
b2834,tas
b2834,ygdS
b2835,lplT
b2835,ygeD
b2836,aas
b2837,galR
b2838,lysA
b2839,lysR
b2840,ygeA
b2841,araE
b2842,kduD
b2842,ygeC
b2842,yqeD
b2843,kduI
b2843,yqeE
b2844,yqeF
b2845,yqeG
b2846,yqeH
b2847,yqeI
b2848,yqeJ
b2849,yqeK
b2850,ygeF
b2851,ygeG
b2852,ygeH
b2853,ygeI
b2854,pbl
b2856,ygeK
b2856,ygeL
b2858,ygeN
b2858,ygeM
b2859,ygeO
b2860,insD4
b2861,insC4
b2862,ygeP
b2863,ygeQ
b2865,ygeR
b2866,xdhA
b2866,ygeS
b2867,xdhB
b2867,ygeT
b2868,xdhC
b2868,ygeU
b2869,ygeV
b2870,ygeW
b2871,ygeX
b2872,ygeY
b2873,hyuA
b2873,ygeZ
b2874,yqeA
b2875,yqeB
b2876,yqeC
b2877,mocA
b2877,ygfJ
b2878,ygfK
b2879,ssnA
b2879,ygfL
b2880,ygfM
b2881,xdhD
b2881,ygfN
b2882,xanQ
b2882,ygfO
b2883,guaD
b2883,ygfP
b2886,ygfS
b2887,ygfT
b2888,uacT
b2888,ygfU
b2889,idi
b2889,ygfV
b2890,lysS
b2890,asuD
b2890,herC
b2891,prfB
b2891,supK
b2892,recJ
b2893,dsbC
b2893,xprA
b2894,xerD
b2894,xprB
b2895,fldB
b2896,cptA
b2896,ygfX
b2897,cptB
b2897,ygfY
b2898,ygfZ
b2898,yzzW
b2899,yqfA
b2900,yqfB
b2901,bglA
b2901,bglD
b2901,yqfC
b2902,ygfF
b2902,yqfD
b2903,gcvP
b2904,gcvH
b2905,gcvT
b2906,ubiI
b2906,visC
b2907,ubiH
b2907,visB
b2908,pepP
b2909,ygfB
b2910,zapA
b2910,ygfE
b2912,ygfA
b2913,serA
b2914,rpiA
b2914,ygfC
b2915,yqfE
b2916,argP
b2916,iciA
b2917,scpA
b2917,sbm
b2917,yliK
b2918,argK
b2918,ygfD
b2919,scpB
b2919,mmcD
b2919,ygfG
b2920,scpC
b2920,ygfH
b2921,ygfI
b2922,yggE
b2923,argO
b2923,yggA
b2924,mscS
b2924,yggB
b2925,fbaA
b2925,fba
b2925,fda
b2926,pgk
b2927,epd
b2927,gapB
b2928,yggC
b2929,yggD
b2930,yggF
b2930,yggK
b2933,cmtA
b2934,cmtB
b2935,tktA
b2935,tkt
b2936,loiP
b2936,yggG
b2937,speB
b2938,speA
b2939,yqgB
b2940,yqgC
b2941,yqgD
b2942,metK
b2942,metX
b2943,galP
b2944,sprT
b2944,yggI
b2945,endA
b2946,rsmE
b2946,yggJ
b2947,gshB
b2947,gsh-II
b2948,yqgE
b2949,yqgF
b2949,ruvX
b2950,yggR
b2951,yggS
b2952,yggT
b2953,yggU
b2954,rdgB
b2954,yggV
b2955,yggW
b2956,yggM
b2957,ansB
b2958,yggN
b2959,yggL
b2960,trmB
b2960,trmI
b2960,yggH
b2961,mutY
b2961,micA
b2962,yggX
b2963,mltC
b2963,yggZ
b2964,nupG
b2965,speC
b2966,yqgA
b2968,yghD
b2968,ecfC
b2969,yghE
b2970,yghF
b2971,yghG
b2972,pppA
b2972,yghH
b2975,glcA
b2975,yghK
b2976,glcB
b2976,glc
b2977,glcG
b2977,yghC
b2979,glcD
b2979,gox
b2979,yghM
b2980,glcC
b2980,yghN
b2981,yghO
b2982,insH9
b2983,yghQ
b2984,yghR
b2985,yghS
b2986,yghT
b2987,pitB
b2988,gss
b2988,gsp
b2989,yghU
b2990,hybG
b2991,hybF
b2992,hybE
b2993,hybD
b2994,hybC
b2995,hybB
b2996,hybA
b2997,hybO
b2997,yghV
b2998,yghW
b3001,gpr
b3001,mgrA
b3001,yghZ
b3002,yqhA
b3003,yghA
b3005,exbD
b3006,exbB
b3008,metC
b3009,yghB
b3010,yqhC
b3011,yqhD
b3012,dkgA
b3012,yqhE
b3013,yqhG
b3013,yqhF
b3014,yqhH
b3017,ftsP
b3017,sufI
b3018,plsC
b3018,parF
b3019,parC
b3020,ygiS
b3021,mqsA
b3021,ygiT
b3022,mqsR
b3022,ygiU
b3023,ygiV
b3024,ygiW
b3025,qseB
b3025,ygiX
b3026,qseC
b3026,ygiY
b3027,ygiZ
b3028,mdaB
b3028,mda66
b3029,ygiN
b3030,parE
b3030,nfxD
b3031,yqiA
b3031,yzzI
b3032,cpdA
b3032,icc
b3033,yqiB
b3033,yzzH
b3034,nudF
b3034,aspP
b3034,yqiE
b3034,yzzG
b3035,tolC
b3035,colE1-i
b3035,mtcB
b3035,mukA
b3035,refI
b3035,toc
b3035,weeA
b3036,ygiA
b3037,ygiB
b3038,ygiC
b3039,ygiD
b3040,zupT
b3040,ygiE
b3041,ribB
b3041,htrP
b3042,yqiC
b3043,ygiL
b3044,insC5
b3045,insD5
b3046,yqiG
b3047,yqiH
b3048,yqiI
b3049,glgS
b3049,scoR
b3050,yqiJ
b3051,yqiK
b3052,hldE
b3052,rfaE
b3052,waaE
b3052,yqiF
b3053,glnE
b3054,ygiF
b3055,ygiM
b3056,cca
b3057,uppP
b3057,bacA
b3057,upk
b3058,folB
b3058,ygiG
b3059,plsY
b3059,ygiH
b3060,ttdR
b3060,ygiP
b3061,ttdA
b3061,ygjA
b3062,ttdB
b3062,ygjB
b3063,ttdT
b3063,ygjC
b3063,ygjE
b3064,tsaD
b3064,gcp
b3064,ygjD
b3065,rpsU
b3066,dnaG
b3066,dnaP
b3066,parB
b3067,rpoD
b3067,alt
b3068,mug
b3068,ygjF
b3070,yqjH
b3071,yqjI
b3072,aer
b3072,air
b3072,yqjJ
b3073,patA
b3073,ygjG
b3074,ygjH
b3075,ebgR
b3076,ebgA
b3077,ebgC
b3078,ygjI
b3079,ygjJ
b3080,ygjK
b3081,fadH
b3081,ygjL
b3082,higA
b3082,ygjM
b3083,higB
b3083,ygjN
b3084,rlmG
b3084,ygjO
b3085,ygjP
b3086,ygjQ
b3087,ygjR
b3088,alx
b3088,ygjT
b3089,sstT
b3089,ygjU
b3090,ygjV
b3091,uxaA
b3091,ygjW
b3092,uxaC
b3092,ygjX
b3092,ygjY
b3092,ygjZ
b3093,exuT
b3094,exuR
b3095,yqjA
b3096,mzrA
b3096,ecfM
b3096,yqjB
b3097,yqjC
b3098,yqjD
b3099,yqjE
b3100,yqjK
b3101,yqjF
b3102,yqjG
b3103,yhaH
b3104,yhaI
b3105,yhaJ
b3106,yhaK
b3107,yhaL
b3110,yhaO
b3113,tdcF
b3113,yhaR
b3114,tdcE
b3114,yhaS
b3115,tdcD
b3115,yhaA
b3116,tdcC
b3117,tdcB
b3118,tdcA
b3119,tdcR
b3120,yhaB
b3121,yhaC
b3124,garK
b3124,yhaD
b3125,garR
b3125,yhaE
b3126,garL
b3126,yhaF
b3127,garP
b3127,yhaU
b3128,garD
b3128,yhaG
b3129,prlF
b3129,sohA
b3130,yhaV
b3131,agaR
b3131,yhaW
b3132,kbaZ
b3132,agaZ
b3132,yhaX
b3133,agaV
b3133,yhaY
b3134,agaW
b3135,agaA
b3136,agaS
b3136,yraB
b3137,kbaY
b3137,agaY
b3137,kba
b3137,yraC
b3138,agaB
b3138,yraD
b3139,agaC
b3139,yraE
b3140,agaD
b3140,yraF
b3141,agaI
b3141,yraG
b3142,yraH
b3143,yraI
b3144,yraJ
b3145,yraK
b3146,rsmI
b3146,yraL
b3147,lpoA
b3147,yraM
b3148,yraN
b3149,diaA
b3149,yraO
b3150,yraP
b3151,yraQ
b3152,yraR
b3153,yhbO
b3154,yhbP
b3155,yhbQ
b3156,yhbS
b3157,yhbT
b3158,yhbU
b3159,yhbV
b3160,yhbW
b3161,mtr
b3162,deaD
b3162,csdA
b3162,mssB
b3162,rhlD
b3163,nlpI
b3163,yhbM
b3164,pnp
b3165,rpsO
b3165,secC
b3166,truB
b3166,yhbA
b3167,rbfA
b3167,P15B
b3167,yhbB
b3168,infB
b3168,gicD
b3168,ssyG
b3169,nusA
b3170,rimP
b3170,yhbC
b3172,argG
b3173,yhbX
b3175,secG
b3176,glmM
b3176,mrsA
b3176,yhbF
b3177,folP
b3177,dhpS
b3178,ftsH
b3178,hflB
b3178,mrsC
b3178,std
b3178,tolZ
b3179,rlmE
b3179,ftsJ
b3179,mrsF
b3179,rrmJ
b3180,yhbY
b3181,greA
b3182,dacB
b3183,obgE
b3183,cgtA
b3183,obg
b3183,yhbZ
b3184,yhbE
b3185,rpmA
b3186,rplU
b3187,ispB
b3187,cel
b3187,yhbD
b3188,sfsB
b3188,nlp
b3188,sfs7
b3189,murA
b3189,murZ
b3190,ibaG
b3190,yrbA
b3191,mlaB
b3191,yrbB
b3192,mlaC
b3192,yrbC
b3193,mlaD
b3193,yrbD
b3194,mlaE
b3194,yrbE
b3195,mlaF
b3195,yrbF
b3196,yrbG
b3197,kdsD
b3197,yrbH
b3198,kdsC
b3198,yrbI
b3198,yrbJ
b3199,lptC
b3199,yrbK
b3200,lptA
b3200,yhbN
b3201,lptB
b3201,yhbG
b3202,rpoN
b3202,glnF
b3202,ntrA
b3203,hpf
b3203,yhbH
b3204,ptsN
b3204,rpoP
b3204,yhbI
b3205,rapZ
b3205,yhbJ
b3206,ptsO
b3206,npr
b3206,rpoR
b3206,yhbK
b3207,yrbL
b3208,mtgA
b3208,yrbM
b3209,elbB
b3209,elb2
b3209,yzzB
b3210,arcB
b3211,yhcC
b3212,gltB
b3212,aspB
b3213,gltD
b3213,aspB
b3214,gltF
b3215,yhcA
b3216,yhcD
b3218,insH10
b3219,yhcF
b3220,yhcG
b3221,yhcH
b3222,nanK
b3222,yhcI
b3223,nanE
b3223,yhcJ
b3224,nanT
b3225,nanA
b3225,npl
b3226,nanR
b3226,yhcK
b3227,dcuD
b3227,yhcL
b3228,sspB
b3229,sspA
b3229,pog
b3229,ssp
b3230,rpsI
b3231,rplM
b3232,zapE
b3232,yhcM
b3233,yhcB
b3234,degQ
b3234,hhoA
b3235,degS
b3235,hhoB
b3235,htrH
b3236,mdh
b3237,argR
b3237,xerA
b3238,yhcN
b3239,yhcO
b3240,aaeB
b3240,yhcP
b3241,aaeA
b3241,yhcQ
b3242,aaeX
b3242,yhcR
b3243,aaeR
b3243,yhcS
b3244,tldD
b3244,yhdO
b3247,rng
b3247,cafA
b3247,yhdF
b3248,yhdE
b3249,mreD
b3250,mreC
b3251,mreB
b3251,envB
b3251,rodY
b3252,csrD
b3252,yhdA
b3253,acuI
b3253,yhdH
b3255,accB
b3255,fabE
b3256,accC
b3256,fabG
b3257,yhdT
b3258,panF
b3259,prmA
b3259,yhdI
b3260,dusB
b3260,yhdG
b3261,fis
b3262,yhdJ
b3263,yhdU
b3264,envR
b3264,yhdK
b3265,acrE
b3265,envC
b3266,acrF
b3266,envD
b3267,yhdV
b3268,yhdW
b3269,yhdX
b3270,yhdY
b3271,yhdZ
b3279,yrdA
b3280,yrdB
b3281,aroE
b3282,tsaC
b3282,rimN
b3282,yrdC
b3283,yrdD
b3284,smg
b3287,def
b3287,fms
b3288,fmt
b3288,yhdD
b3289,rsmB
b3289,fmu/fmv
b3289,rrmB
b3289,sun
b3289,yhdB
b3290,trkA
b3291,mscL
b3291,yhdC
b3292,zntR
b3292,yhdM
b3293,yhdN
b3294,rplQ
b3295,rpoA
b3295,pez
b3295,phs
b3295,sez
b3296,rpsD
b3296,ramA
b3297,rpsK
b3298,rpsM
b3299,rpmJ
b3300,secY
b3300,prlA
b3301,rplO
b3302,rpmD
b3303,rpsE
b3303,spc
b3304,rplR
b3305,rplF
b3306,rpsH
b3307,rpsN
b3308,rplE
b3309,rplX
b3310,rplN
b3311,rpsQ
b3311,neaA
b3312,rpmC
b3313,rplP
b3314,rpsC
b3315,rplV
b3315,eryB
b3316,rpsS
b3317,rplB
b3318,rplW
b3319,rplD
b3319,eryA
b3320,rplC
b3321,rpsJ
b3321,nusE
b3322,gspB
b3322,pinO
b3322,pioO
b3322,pno
b3323,gspA
b3323,yheD
b3324,gspC
b3324,yheE
b3325,gspD
b3325,yheF
b3326,gspE
b3326,yheG
b3327,gspF
b3327,hofF
b3327,hopF
b3328,gspG
b3328,hofG
b3328,hopG
b3329,gspH
b3329,hofH
b3329,hopH
b3330,gspI
b3330,yheH
b3331,gspJ
b3331,yheI
b3332,gspK
b3332,yheJ
b3333,gspL
b3333,yheK
b3334,gspM
b3334,hopZ
b3334,pshM
b3335,gspO
b3335,hofD
b3335,hopD
b3335,hopO
b3335,yheC
b3336,bfr
b3337,bfd
b3337,yheA
b3338,chiA
b3338,yheB
b3339,tufA
b3340,fusA
b3340,far
b3340,fus
b3341,rpsG
b3342,rpsL
b3342,strA
b3343,tusB
b3343,yheL
b3344,tusC
b3344,yheM
b3345,tusD
b3345,yheN
b3346,yheO
b3347,fkpA
b3347,yzzS
b3348,slyX
b3349,slyD
b3350,kefB
b3350,trkB
b3351,kefG
b3351,yheR
b3352,yheS
b3353,yheT
b3354,yheU
b3355,prkB
b3355,yhfF
b3356,yhfA
b3357,crp
b3357,cap
b3357,csm
b3358,yhfK
b3359,argD
b3359,dapC
b3359,dtu
b3360,pabA
b3361,fic
b3362,yhfG
b3363,ppiA
b3363,rot
b3363,rotA
b3364,tsgA
b3364,gutS
b3364,yhfC
b3364,yhfH
b3365,nirB
b3366,nirD
b3367,nirC
b3368,cysG
b3369,yhfL
b3370,frlA
b3370,yhfM
b3371,frlB
b3371,yhfN
b3374,frlD
b3374,yhfQ
b3375,frlR
b3375,yhfR
b3376,yhfS
b3377,yhfT
b3378,yhfU
b3379,php
b3379,yhfV
b3380,yhfW
b3381,yhfX
b3382,yhfY
b3383,yhfZ
b3384,trpS
b3385,gph
b3385,yhfE
b3386,rpe
b3386,dod
b3386,yhfD
b3387,dam
b3388,damX
b3388,yhfB
b3389,aroB
b3390,aroK
b3391,hofQ
b3391,hopQ
b3392,hofP
b3392,yrfA
b3393,hofO
b3393,yrfB
b3394,hofN
b3394,yrfC
b3395,hofM
b3395,yrfD
b3396,mrcA
b3396,ponA
b3397,nudE
b3397,yrfE
b3398,yrfF
b3399,yrfG
b3400,hslR
b3400,yrfH
b3401,hslO
b3401,yrfI
b3402,yhgE
b3403,pckA
b3403,pck
b3404,envZ
b3404,ompB
b3404,perA
b3404,tpo
b3405,ompR
b3405,kmt
b3405,ompB
b3406,greB
b3407,yhgF
b3408,feoA
b3409,feoB
b3410,feoC
b3410,yhgG
b3411,yhgA
b3412,bioH
b3412,bioB
b3413,gntX
b3413,yhgH
b3414,nfuA
b3414,gntY
b3414,yhgI
b3415,gntT
b3415,gntM
b3415,usgA
b3415,yhgC
b3416,malQ
b3416,malA
b3417,malP
b3418,malT
b3418,malA
b3421,rtcB
b3421,yhgL
b3422,rtcR
b3422,yhgB
b3423,glpR
b3424,glpG
b3425,glpE
b3426,glpD
b3426,glyD
b3427,yzgL
b3428,glgP
b3428,glgY
b3429,glgA
b3430,glgC
b3431,glgX
b3431,glyX
b3432,glgB
b3433,asd
b3433,hom
b3434,yhgN
b3437,gntK
b3438,gntR
b3439,yhhW
b3440,yhhX
b3441,yhhY
b3442,yhhZ
b3443,yrhA
b3444,insA6
b3445,insB6
b3446,yrhB
b3447,ggt
b3448,yhhA
b3449,ugpQ
b3450,ugpC
b3451,ugpE
b3452,ugpA
b3453,ugpB
b3454,livF
b3455,livG
b3456,livM
b3457,livH
b3458,livK
b3459,panM
b3459,panZ
b3459,yhhK
b3460,livJ
b3461,rpoH
b3461,fam
b3461,hin
b3461,htpR
b3462,ftsX
b3462,ftsS
b3463,ftsE
b3464,ftsY
b3465,rsmD
b3465,yhhF
b3466,yhhL
b3467,yhhM
b3468,yhhN
b3469,zntA
b3469,yhhO
b3470,tusA
b3470,sirA
b3470,yhhP
b3471,yhhQ
b3472,dcrB
b3472,yhhR
b3473,yhhS
b3474,yhhT
b3475,acpT
b3475,yhhU
b3476,nikA
b3477,nikB
b3478,nikC
b3479,nikD
b3480,nikE
b3481,nikR
b3481,yhhG
b3482,rhsB
b3483,yhhH
b3484,yhhI
b3485,yhhJ
b3486,rbbA
b3486,yhiG
b3486,yhiH
b3487,yhiI
b3488,yhiJ
b3491,yhiM
b3492,yhiN
b3493,pitA
b3493,pit
b3494,uspB
b3494,yhiO
b3495,uspA
b3496,dtpB
b3496,yhiP
b3497,rsmJ
b3497,yhiQ
b3498,prlC
b3498,opdA
b3499,rlmJ
b3499,yhiR
b3500,gor
b3501,arsR
b3501,arsE
b3502,arsB
b3502,arsF
b3503,arsC
b3503,arsG
b3504,yhiS
b3505,insH11
b3506,slp
b3507,dctR
b3507,yhiF
b3508,yhiD
b3508,yhhE
b3509,hdeB
b3509,yhhD
b3509,yhiC
b3510,hdeA
b3510,yhhC
b3510,yhiB
b3511,hdeD
b3511,yhiA
b3512,gadE
b3512,yhiE
b3512,yhiT
b3513,mdtE
b3513,yhiU
b3514,mdtF
b3514,yhiV
b3515,gadW
b3515,yhiW
b3516,gadX
b3516,yhiX
b3517,gadA
b3517,gadS
b3518,yhjA
b3519,treF
b3520,yhjB
b3521,yhjC
b3522,yhjD
b3523,yhjE
b3524,yhjG
b3524,yhjF
b3525,yhjH
b3526,kdgK
b3526,yhjI
b3527,yhjJ
b3528,dctA
b3529,yhjK
b3530,bcsC
b3530,yhjL
b3531,bcsZ
b3531,bcsC
b3531,yhjM
b3532,bcsB
b3532,yhjN
b3533,bcsA
b3533,yhjO
b3533,yhjP
b3534,bcsQ
b3534,yhjQ
b3535,yhjR
b3536,bcsE
b3536,yhjS
b3537,bcsF
b3537,yhjT
b3538,bcsG
b3538,yhjU
b3539,yhjV
b3540,dppF
b3540,dppE
b3541,dppD
b3542,dppC
b3543,dppB
b3544,dppA
b3546,eptB
b3546,yhjW
b3547,yhjX
b3548,yhjY
b3549,tag
b3550,yiaC
b3551,bisC
b3552,yiaD
b3553,ghrB
b3553,tkrA
b3553,yiaE
b3554,yiaF
b3555,yiaG
b3556,cspA
b3556,cspS
b3557,insJ
b3558,insK
b3559,glyS
b3559,glyS(B)
b3560,glyQ
b3560,glyS(A)
b3561,wecH
b3561,yiaH
b3562,yiaA
b3563,yiaB
b3564,xylB
b3565,xylA
b3566,xylF
b3566,xylT
b3567,xylG
b3568,xylH
b3569,xylR
b3570,bax
b3571,malS
b3572,avtA
b3573,ysaA
b3574,yiaJ
b3575,dlgD
b3575,yiaK
b3576,yiaL
b3577,yiaM
b3578,yiaN
b3579,yiaO
b3580,lyx
b3580,lyxK
b3580,sgbK
b3580,xylK
b3580,yiaP
b3581,sgbH
b3581,yiaQ
b3582,sgbU
b3582,yiaR
b3583,sgbE
b3583,yiaS
b3584,yiaT
b3585,yiaU
b3586,yiaV
b3587,yiaW
b3588,aldB
b3588,yiaX
b3589,yiaY
b3590,selB
b3590,fdhA
b3591,selA
b3591,fdhA
b3592,yibF
b3593,rhsA
b3594,yibA
b3595,yibJ
b3596,yibG
b3597,yibH
b3598,yibI
b3599,mtlA
b3600,mtlD
b3601,mtlR
b3602,yibL
b3603,lldP
b3603,lctP
b3604,lldR
b3604,lctR
b3605,lldD
b3605,lctD
b3606,trmL
b3606,yibK
b3607,cysE
b3608,gpsA
b3609,secB
b3610,grxC
b3610,yibM
b3611,yibN
b3612,gpmI
b3612,pgmI
b3612,yibO
b3613,envC
b3613,yibP
b3614,yibQ
b3615,yibD
b3616,tdh
b3617,kbl
b3618,htrL
b3618,yibB
b3619,hldD
b3619,htrM
b3619,rfaD
b3619,waaD
b3620,rfaF
b3620,waaF
b3621,rfaC
b3621,rfa-2
b3621,waaC
b3621,yibC
b3622,rfaL
b3622,waaL
b3623,waaU
b3623,rfaK
b3623,waaK
b3624,rfaZ
b3625,rfaY
b3625,waaY
b3626,rfaJ
b3626,waaJ
b3627,rfaI
b3627,waaI
b3628,rfaB
b3628,waaB
b3629,rfaS
b3630,rfaP
b3630,waaP
b3631,rfaG
b3631,pcsA
b3631,waaG
b3632,rfaQ
b3632,waaQ
b3633,waaA
b3633,kdtA
b3634,coaD
b3634,kdtB
b3634,yicA
b3635,mutM
b3635,fpg
b3636,rpmG
b3637,rpmB
b3638,yicR
b3639,coaBC
b3639,dfp
b3640,dut
b3640,dnaS
b3640,sof
b3641,slmA
b3641,ttk
b3641,yicB
b3642,pyrE
b3643,rph
b3644,yicC
b3645,dinD
b3645,pcsA
b3645,yicD
b3646,yicG
b3647,ligB
b3647,yicF
b3648,gmk
b3648,spoR
b3649,rpoZ
b3650,spoT
b3651,trmH
b3651,spoU
b3652,recG
b3652,radC
b3653,gltS
b3653,gltC
b3654,xanP
b3654,yicE
b3655,yicH
b3656,yicI
b3657,yicJ
b3659,setC
b3659,yicK
b3660,yicL
b3661,nlpA
b3662,nepI
b3662,yicM
b3663,yicN
b3664,adeQ
b3664,yicO
b3665,ade
b3665,yicP
b3666,uhpT
b3667,uhpC
b3668,uhpB
b3669,uhpA
b3670,ilvN
b3671,ilvB
b3672,ivbL
b3673,emrD
b3673,yicQ
b3674,yidF
b3675,yidG
b3676,yidH
b3677,yidI
b3678,yidJ
b3679,yidK
b3680,yidL
b3682,glvB
b3682,glvC
b3683,glvC
b3684,yidP
b3685,yidE
b3685,yibE
b3686,ibpB
b3686,hslS
b3686,htpE
b3687,ibpA
b3687,hslT
b3687,htpN
b3688,yidQ
b3689,yidR
b3690,cbrA
b3690,yidS
b3691,dgoT
b3691,yidT
b3693,dgoK
b3693,yidV
b3696,yidX
b3697,yidA
b3698,yidB
b3699,gyrB
b3699,acrB
b3699,cou
b3699,himB
b3699,hisU
b3699,nalC
b3699,parA
b3699,pcbA
b3700,recF
b3700,uvrF
b3701,dnaN
b3702,dnaA
b3703,rpmH
b3703,rimA
b3703,ssaF
b3704,rnpA
b3705,yidC
b3706,mnmE
b3706,thdF
b3706,trmE
b3707,tnaC
b3707,tnaL
b3708,tnaA
b3708,ind
b3709,tnaB
b3709,trpP
b3710,mdtL
b3710,yidY
b3711,yidZ
b3712,yieE
b3713,chrR
b3713,yieF
b3714,adeP
b3714,purP
b3714,yieG
b3715,yieH
b3716,cbrB
b3716,yieI
b3717,cbrC
b3717,yieJ
b3718,yieK
b3719,yieL
b3720,bglH
b3720,yieC
b3721,bglB
b3722,bglF
b3722,bglC
b3722,bglS
b3723,bglG
b3723,bglC
b3724,phoU
b3724,nmpA
b3725,pstB
b3725,phoT
b3726,pstA
b3726,phoT
b3727,pstC
b3727,phoW
b3728,pstS
b3728,phoS
b3729,glmS
b3730,glmU
b3730,yieA
b3731,atpC
b3731,papG
b3731,uncC
b3732,atpD
b3732,papB
b3732,uncD
b3733,atpG
b3733,papC
b3733,uncG
b3734,atpA
b3734,papA
b3734,uncA
b3735,atpH
b3735,papE
b3735,uncH
b3736,atpF
b3736,papF
b3736,uncF
b3737,atpE
b3737,papH
b3737,uncE
b3738,atpB
b3738,papD
b3738,uncB
b3739,atpI
b3739,uncI
b3740,rsmG
b3740,gidB
b3741,mnmG
b3741,gidA
b3741,trmF
b3742,mioC
b3742,yieB
b3743,asnC
b3744,asnA
b3745,viaA
b3745,yieD
b3745,yieM
b3746,ravA
b3746,yieN
b3747,kup
b3747,trkD
b3748,rbsD
b3749,rbsA
b3750,rbsC
b3751,rbsB
b3751,prlB
b3751,rbsP
b3752,rbsK
b3753,rbsR
b3754,hsrA
b3754,yieO
b3755,yieP
b3764,yifE
b3765,yifB
b3766,ilvL
b3769,ilvM
b3770,ilvE
b3771,ilvD
b3772,ilvA
b3773,ilvY
b3774,ilvC
b3775,ppiC
b3775,parVA
b3777,yifN
b3778,rep
b3779,gppA
b3779,gpp
b3780,rhlB
b3780,mmrA
b3781,trxA
b3781,fipA
b3781,tsnC
b3782,rhoL
b3783,rho
b3783,nitA
b3783,psuA
b3783,rnsC
b3783,sbaA
b3783,tsu
b3784,wecA
b3784,rfe
b3785,wzzE
b3785,wzz
b3785,yifC
b3786,wecB
b3786,nfrC
b3786,rffE
b3786,yifF
b3787,wecC
b3787,rffD
b3788,rffG
b3789,rffH
b3789,rmlA2
b3789,yifG
b3790,wecD
b3790,rffC
b3790,yifH
b3791,wecE
b3791,rffA
b3791,yifI
b3792,wzxE
b3792,wzx
b3792,yifJ
b3793,wzyE
b3793,wzy
b3794,wecG
b3794,rffM
b3795,yifK
b3800,aslB
b3800,atsB
b3801,aslA
b3801,atsA
b3802,hemY
b3803,hemX
b3804,hemD
b3805,hemC
b3805,popE
b3806,cyaA
b3806,cya
b3807,cyaY
b3808,NA
b3809,dapF
b3810,yigA
b3811,xerC
b3812,yigB
b3813,uvrD
b3813,mutU
b3813,pdeB
b3813,rad
b3813,recL
b3816,corA
b3817,yigF
b3818,yigG
b3819,rarD
b3820,yigI
b3821,pldA
b3822,recQ
b3823,rhtC
b3823,yigJ
b3824,rhtB
b3824,yigK
b3825,pldB
b3826,yigL
b3827,yigM
b3828,metR
b3829,metE
b3830,ysgA
b3831,udp
b3832,rmuC
b3832,yigN
b3833,ubiE
b3833,yigO
b3834,ubiJ
b3834,yigP
b3835,ubiB
b3835,aarF
b3835,yigQ
b3835,yigR
b3835,yigS
b3836,tatA
b3836,mttA1
b3836,yigT
b3838,tatB
b3838,mttA2
b3838,ysgB
b3839,tatC
b3839,mttB
b3839,yigU
b3839,yigV
b3842,rfaH
b3842,hlyT
b3842,sfrB
b3843,ubiD
b3843,yigC
b3843,yigY
b3844,fre
b3844,fadI
b3844,flrD
b3844,fsrC
b3844,ubiB
b3845,fadA
b3845,oldA
b3846,fadB
b3846,oldB
b3847,pepQ
b3848,yigZ
b3849,trkH
b3850,hemG
b3850,yihB
b3856,mobB
b3856,yihC
b3857,mobA
b3857,chlB
b3857,mob
b3857,narB
b3858,yihD
b3859,srkA
b3859,rdoA
b3859,yihE
b3860,dsbA
b3860,dsf
b3860,ppfA
b3861,yihF
b3862,yihG
b3863,polA
b3863,resA
b3865,engB
b3865,yihA
b3866,yihI
b3867,hemN
b3867,yihJ
b3868,glnG
b3868,glnT
b3868,ntrC
b3869,glnL
b3869,glnR
b3869,ntrB
b3870,glnA
b3871,typA
b3871,bipA
b3871,yihK
b3872,yihL
b3873,yihM
b3874,yihN
b3875,ompL
b3875,yshA
b3876,yihO
b3877,yihP
b3878,yihQ
b3878,squQ
b3879,yihR
b3880,yihS
b3881,yihT
b3882,yihU
b3883,yihV
b3884,yihW
b3885,yihX
b3886,yihY
b3887,dtd
b3887,yihZ
b3888,yiiD
b3889,yiiE
b3890,yiiF
b3891,fdhE
b3892,fdoI
b3893,fdoH
b3894,fdoG
b3895,fdhD
b3896,yiiG
b3897,frvR
b3897,yiiH
b3898,frvX
b3898,yiiI
b3899,frvB
b3899,yiiJ
b3900,frvA
b3900,yiiK
b3901,rhaM
b3901,yiiL
b3902,rhaD
b3902,rhuA
b3903,rhaA
b3904,rhaB
b3905,rhaS
b3905,rhaC2
b3906,rhaR
b3906,rhaC1
b3907,rhaT
b3908,sodA
b3909,kdgT
b3910,yiiM
b3911,cpxA
b3911,ecfB
b3911,eup
b3911,ssd
b3912,cpxR
b3912,yiiA
b3915,fieF
b3915,yiiP
b3916,pfkA
b3917,sbp
b3918,cdh
b3919,tpiA
b3919,tpi
b3920,yiiQ
b3921,yiiR
b3922,yiiS
b3923,uspD
b3923,yiiT
b3924,fpr
b3924,mvrA
b3925,glpX
b3926,glpK
b3927,glpF
b3928,zapB
b3928,yiiU
b3929,rraA
b3929,menG
b3929,yiiV
b3930,menA
b3930,yiiW
b3931,hslU
b3931,htpI
b3932,hslV
b3932,htpO
b3932,yiiC
b3933,ftsN
b3933,msgA
b3934,cytR
b3935,priA
b3936,rpmE
b3937,yiiX
b3938,metJ
b3939,metB
b3940,metL
b3940,metM
b3941,metF
b3942,katG
b3943,yijE
b3944,yijF
b3945,gldA
b3946,fsaB
b3946,talC
b3946,yijG
b3947,ptsA
b3947,frwA
b3947,yijH
b3949,frwC
b3949,yijJ
b3950,frwB
b3950,yijK
b3951,pflD
b3951,yijL
b3952,pflC
b3952,yijM
b3953,frwD
b3953,yijN
b3954,yijO
b3955,eptC
b3955,cptA
b3955,yijP
b3956,ppc
b3956,glu
b3957,argE
b3958,argC
b3959,argB
b3960,argH
b3961,oxyR
b3961,momR
b3961,mor
b3962,sthA
b3962,sth
b3962,udhA
b3963,fabR
b3963,yijC
b3964,yijD
b3965,trmA
b3966,btuB
b3966,bfe
b3966,cer
b3966,dcrC
b3967,murI
b3967,dga
b3967,glr
b3967,yijA
b3972,murB
b3972,yijB
b3973,birA
b3973,bioR
b3973,dhbB
b3974,coaA
b3974,panK
b3974,rts
b3980,tufB
b3981,secE
b3981,prlG
b3982,nusG
b3983,rplK
b3983,relC
b3984,rplA
b3985,rplJ
b3986,rplL
b3987,rpoB
b3987,groN
b3987,nitB
b3987,rif
b3987,ron
b3987,stl
b3987,stv
b3987,tabD
b3988,rpoC
b3988,tabB
b3989,htrC
b3989,yjaZ
b3990,thiH
b3991,thiG
b3992,thiF
b3993,thiE
b3994,thiC
b3995,rsd
b3996,nudC
b3996,yjaD
b3997,hemE
b3998,nfi
b3998,yjaF
b3999,yjaG
b4000,hupA
b4001,yjaH
b4002,zraP
b4002,yjaI
b4002,zra
b4003,zraS
b4003,hydH
b4004,zraR
b4004,hydG
b4005,purD
b4006,purH
b4011,yjaA
b4012,yjaB
b4013,metA
b4014,aceB
b4014,mas
b4015,aceA
b4015,icl
b4016,aceK
b4017,arpA
b4017,arp
b4017,yjaC
b4018,iclR
b4019,metH
b4020,yjbB
b4021,pepE
b4022,rluF
b4022,yjbC
b4023,yjbD
b4024,lysC
b4024,apk
b4025,pgi
b4026,yjbE
b4027,yjbF
b4028,yjbG
b4029,yjbH
b4030,psiE
b4030,yjbA
b4031,xylE
b4032,malG
b4033,malF
b4034,malE
b4035,malK
b4036,lamB
b4036,malB
b4037,malM
b4037,molA
b4038,yjbI
b4039,ubiC
b4040,ubiA
b4040,cyr
b4041,plsB
b4042,dgkA
b4043,lexA
b4043,exrA
b4043,spr
b4043,tsl
b4043,umuA
b4044,dinF
b4045,yjbJ
b4046,zur
b4046,yjbK
b4047,yjbL
b4048,yjbM
b4049,dusA
b4049,yjbN
b4050,pspG
b4050,yjbO
b4051,qorA
b4051,hcz
b4051,qor
b4051,qor1
b4052,dnaB
b4052,groP
b4052,grpA
b4053,alr
b4054,tyrB
b4055,aphA
b4055,napA
b4055,yjbP
b4056,yjbQ
b4057,yjbR
b4058,uvrA
b4058,dinE
b4059,ssb
b4059,exrB
b4059,lexC
b4060,yjcB
b4061,yjcC
b4062,soxS
b4063,soxR
b4063,marC
b4064,ghxP
b4064,yjcD
b4065,yjcE
b4066,yjcF
b4067,actP
b4067,yjcG
b4068,yjcH
b4069,acs
b4069,yfaC
b4070,nrfA
b4071,nrfB
b4071,yjcI
b4072,nrfC
b4072,yjcJ
b4073,nrfD
b4073,yjcK
b4074,nrfE
b4074,yjcL
b4075,nrfF
b4075,yjcM
b4076,nrfG
b4076,yjcN
b4077,gltP
b4078,yjcO
b4079,fdhF
b4080,mdtP
b4080,yjcP
b4081,mdtO
b4081,yjcQ
b4082,mdtN
b4082,yjcR
b4083,yjcS
b4084,alsK
b4084,yjcT
b4085,alsE
b4085,yjcU
b4086,alsC
b4086,yjcV
b4087,alsA
b4087,yjcW
b4088,alsB
b4088,yjcX
b4089,rpiR
b4089,alsR
b4089,yjcY
b4090,rpiB
b4090,yjcA
b4092,phnP
b4093,phnO
b4094,phnN
b4095,phnM
b4096,phnL
b4097,phnK
b4098,phnJ
b4099,phnI
b4100,phnH
b4101,phnG
b4102,phnF
b4104,phnE
b4105,phnD
b4105,psiD
b4106,phnC
b4107,phnB
b4107,yjdN
b4108,phnA
b4108,yjdM
b4109,crfC
b4109,yjdA
b4110,yjcZ
b4111,proP
b4112,basS
b4112,pmrB
b4113,basR
b4113,pmrA
b4114,eptA
b4114,pmrC
b4114,yjdB
b4115,adiC
b4115,aniC
b4115,yjdD
b4115,yjdE
b4116,adiY
b4117,adiA
b4117,adi
b4118,melR
b4119,melA
b4119,mel-7
b4120,melB
b4120,mel-4
b4121,yjdF
b4122,fumB
b4123,dcuB
b4123,genF
b4124,dcuR
b4124,yjdG
b4125,dcuS
b4125,yjdH
b4126,yjdI
b4127,yjdJ
b4128,ghoS
b4128,arT
b4128,yjdK
b4129,lysU
b4130,dtpC
b4130,yjdL
b4131,cadA
b4131,ldcI
b4132,cadB
b4133,cadC
b4135,yjdC
b4135,cutA3
b4136,dsbD
b4136,cutA2
b4136,cycZ
b4136,dipZ
b4137,cutA
b4137,cutA1
b4137,cycY
b4138,dcuA
b4138,genA
b4139,aspA
b4140,fxsA
b4140,yjeG
b4141,yjeH
b4142,groS
b4142,groES
b4142,mopB
b4143,groL
b4143,groEL
b4143,mopA
b4144,yjeI
b4145,yjeJ
b4146,epmB
b4146,yjeK
b4147,efp
b4148,sugE
b4149,blc
b4149,yjeL
b4150,ampC
b4150,ampA
b4151,frdD
b4152,frdC
b4153,frdB
b4154,frdA
b4155,epmA
b4155,genX
b4155,poxA
b4155,yjeA
b4156,yjeM
b4157,yjeN
b4158,yjeO
b4159,mscM
b4159,yjeP
b4160,psd
b4161,rsgA
b4161,engC
b4161,yjeQ
b4162,orn
b4162,o204a
b4162,yjeR
b4166,queG
b4166,yjeS
b4167,nnr
b4167,yjeF
b4168,tsaE
b4168,yjeE
b4169,amiB
b4169,yjeD
b4170,mutL
b4171,miaA
b4171,trpX
b4172,hfq
b4173,hflX
b4174,hflK
b4174,hflA
b4175,hflC
b4175,hflA
b4176,yjeT
b4177,purA
b4177,adeK
b4178,nsrR
b4178,yjeB
b4179,rnr
b4179,vacB
b4179,yjeC
b4180,rlmB
b4180,yjfH
b4181,yjfI
b4182,yjfJ
b4183,yjfK
b4184,yjfL
b4185,yjfM
b4186,yjfC
b4187,aidB
b4188,yjfN
b4189,bsmA
b4189,yjfO
b4190,yjfP
b4191,ulaR
b4191,yjfQ
b4192,ulaG
b4192,yjfR
b4193,ulaA
b4193,sgaT
b4193,yjfS
b4194,ulaB
b4194,sgaB
b4194,yjfT
b4195,ulaC
b4195,ptxA
b4195,sgaA
b4195,yjfU
b4196,ulaD
b4196,sgaH
b4196,yjfV
b4197,ulaE
b4197,sgaU
b4197,yjfW
b4198,ulaF
b4198,sgaE
b4198,yjfX
b4199,yjfY
b4200,rpsF
b4201,priB
b4202,rpsR
b4203,rplI
b4204,yjfZ
b4205,ytfA
b4206,ytfB
b4207,fklB
b4207,ytfC
b4208,cycA
b4208,dagA
b4208,ytfD
b4209,ytfE
b4210,ytfF
b4211,qorB
b4211,qor2
b4211,ytfG
b4212,ytfH
b4213,cpdB
b4214,cysQ
b4214,amtA
b4215,ytfI
b4216,ytfJ
b4217,ytfK
b4218,ytfL
b4219,msrA
b4219,pms
b4220,tamA
b4220,yftM
b4220,ytfM
b4221,tamB
b4221,ytfN
b4221,ytfO
b4222,ytfP
b4223,NA
b4224,chpS
b4224,chpBI
b4224,yjfB
b4225,chpB
b4225,chpBK
b4225,yjfE
b4226,ppa
b4227,ytfQ
b4230,ytfT
b4231,yjfF
b4232,fbp
b4232,fdp
b4233,mpl
b4233,yjfG
b4234,yjgA
b4235,pmbA
b4235,tldE
b4237,nrdG
b4237,yjgE
b4238,nrdD
b4239,treC
b4239,olgH
b4240,treB
b4241,treR
b4242,mgtA
b4242,corB
b4242,mgt
b4243,ridA
b4243,yjgF
b4244,pyrI
b4245,pyrB
b4246,pyrL
b4248,yjgH
b4249,bdcA
b4249,yjgI
b4251,bdcR
b4251,yjgJ
b4252,tabA
b4252,yjgK
b4253,yjgL
b4254,argI
b4255,rraB
b4255,yjgD
b4256,yjgM
b4257,yjgN
b4258,valS
b4259,holC
b4260,pepA
b4260,carP
b4260,xerB
b4261,lptF
b4261,yjgP
b4262,lptG
b4262,yjgQ
b4263,yjgR
b4264,idnR
b4264,yjgS
b4265,idnT
b4265,gntW
b4265,yjgT
b4266,idnO
b4266,yjgU
b4267,idnD
b4267,yjgV
b4268,idnK
b4268,gntV
b4269,ahr
b4269,yjgB
b4271,intB
b4272,insC6
b4273,insD6
b4274,yjgW
b4277,yjgZ
b4278,insG
b4279,yjhB
b4280,yjhC
b4281,yjhD
b4282,yjhE
b4283,insN2
b4284,insI4
b4285,insO2
b4286,NA
b4287,fecE
b4288,fecD
b4289,fecC
b4290,fecB
b4291,fecA
b4292,fecR
b4293,fecI
b4294,insA7
b4295,yjhU
b4296,yjhF
b4297,yjhG
b4298,yjhH
b4299,yjhI
b4300,sgcR
b4300,yjhJ
b4301,sgcE
b4301,yjhK
b4302,sgcA
b4302,yjhL
b4303,sgcQ
b4303,yjhM
b4304,sgcC
b4304,yjhN
b4305,sgcX
b4305,yjhO
b4306,yjhP
b4307,yjhQ
b4308,yjhR
b4309,nanS
b4309,yjhS
b4310,nanM
b4310,yjhT
b4311,nanC
b4311,yjhA
b4312,fimB
b4313,fimE
b4314,fimA
b4314,pilA
b4315,fimI
b4316,fimC
b4317,fimD
b4318,fimF
b4319,fimG
b4320,fimH
b4321,gntP
b4321,yjiB
b4322,uxuA
b4323,uxuB
b4324,uxuR
b4325,yjiC
b4326,iraD
b4326,yjiD
b4327,yjiE
b4327,qseD
b4328,iadA
b4328,yjiF
b4329,yjiG
b4330,yjiH
b4331,kptA
b4331,yjiI
b4332,yjiJ
b4333,yjiK
b4334,yjiL
b4335,yjiM
b4336,yjiN
b4337,mdtM
b4337,yjiO
b4339,yjiP
b4339,yjiQ
b4340,yjiR
b4341,yjiS
b4342,yjiT
b4345,mcrC
b4346,mcrB
b4346,rglB
b4347,symE
b4347,dinL
b4347,sosC
b4347,yjiW
b4348,hsdS
b4348,hss
b4349,hsdM
b4349,hsm
b4350,hsdR
b4350,hsr
b4351,mrr
b4352,yjiA
b4353,yjiX
b4354,yjiY
b4355,tsr
b4355,cheD
b4356,lgoT
b4356,yjiZ
b4356,yjjL
b4357,lgoR
b4357,yjjM
b4358,lgoD
b4358,yjjN
b4359,mdoB
b4359,opgB
b4359,yjjO
b4360,yjjA
b4361,dnaC
b4361,dnaD
b4362,dnaT
b4363,yjjB
b4364,yjjP
b4365,yjjQ
b4366,bglJ
b4366,yjjR
b4367,fhuF
b4367,yjjS
b4371,rsmC
b4371,yjjT
b4372,holD
b4373,rimI
b4374,yjjG
b4375,prfC
b4375,miaD
b4375,tos
b4376,osmY
b4377,yjjU
b4378,yjjV
b4379,yjjW
b4380,yjjI
b4380,yjjH
b4381,deoC
b4381,dra
b4381,thyR
b4382,deoA
b4382,tpp
b4382,ttg
b4383,deoB
b4383,drm
b4383,thyR
b4384,deoD
b4384,pup
b4385,yjjJ
b4386,lplA
b4386,yjjF
b4387,smp
b4387,ytjB
b4388,serB
b4389,radA
b4389,sms
b4390,nadR
b4390,nadI
b4391,ettA
b4391,yjjK
b4392,slt
b4392,sltY
b4393,trpR
b4393,rtrY
b4394,yjjX
b4395,gpmB
b4395,ytjC
b4396,rob
b4397,creA
b4397,yjjD
b4398,creB
b4398,yjjE
b4399,creC
b4399,phoM
b4400,creD
b4400,cet
b4401,arcA
b4401,cpxC
b4401,dye
b4401,fexA
b4401,msp
b4401,seg
b4401,sfrA
b4402,yjjY
b4403,lasT
b4403,yjtD
b4406,yaeP
b4407,thiS
b4407,thiG1
b4409,blr
b4410,ecnA
b4411,ecnB
b4411,yjeU
b4412,hokC
b4412,gef
b4415,hokE
b4415,ybdY
b4419,ldrA
b4421,ldrB
b4423,ldrC
b4428,hokB
b4428,ydcB
b4453,ldrD
b4455,hokA
b4455,yiaZ
b4460,araH
b4461,yfjD
b4461,ypjE
b4462,ygaQ
b4462,ygaR
b4462,yqaC
b4462,yqaD
b4463,ygcU
b4463,ygcT
b4463,ygcV
b4464,ghxQ
b4464,ygfQ
b4464,ygfR
b4465,yggP
b4466,yghJ
b4467,glcF
b4467,gox
b4467,yghL
b4468,glcE
b4468,gox
b4468,yghL
b4469,ygiQ
b4469,ygiR
b4470,yhaM
b4470,yhaN
b4471,tdcG
b4471,yhaP
b4471,yhaQ
b4472,yhdP
b4472,yhdQ
b4472,yhdR
b4473,smf
b4474,frlC
b4474,yhfO
b4474,yhfP
b4475,rtcA
b4475,yhgJ
b4475,yhgK
b4476,gntU
b4477,dgoA
b4477,yidU
b4478,dgoD
b4478,yidU
b4479,dgoR
b4479,yidW
b4480,hdfR
b4480,pssR
b4480,yifA
b4480,yifD
b4481,wecF
b4481,rffT
b4481,yifM
b4482,yigE
b4483,tatD
b4483,mttC
b4483,yigW
b4483,yigX
b4484,cpxP
b4484,yiiO
b4485,ytfR
b4485,ytfS
b4486,yjiV
b4486,mcrD
b4487,yjdP
b4488,ilvG
b4490,efeU
b4490,ycdN
b4492,ydbA
b4493,gapC
b4494,arpB
b4495,yedN
b4496,yedS
b4497,yeeL
b4498,gatR
b4499,yehH
b4499,molR
b4500,yfaS
b4500,yfaR
b4501,torI
b4502,yeiW
b4503,yafF
b4504,ykfH
b4505,ykgN
b4506,ykgO
b4506,rpmJ2
b4508,peaD
b4508,ybcD
b4509,ylcG
b4510,rzoD
b4511,ybdZ
b4512,ybdD
b4513,kdpF
b4514,ybfQ
b4515,cydX
b4515,ybgT
b4516,insA4
b4517,gnsA
b4517,yccL
b4518,ymdF
b4520,ymgF
b4521,ycgI
b4521,ymgH
b4522,ymiA
b4523,yciX
b4524,ycjV
b4524,ymjB
b4525,ymjC
b4526,ydaE
b4527,ydaF
b4528,rzoR
b4529,ydbJ
b4532,hicA
b4532,yncN
b4533,ynfO
b4535,yniD
b4536,yobH
b4537,yecJ
b4538,yoeF
b4539,yoeB
b4541,yehK
b4542,yohO
b4543,ypaA
b4544,arnE
b4544,pmrL
b4544,yfbW
b4545,ypdJ
b4546,ypeB
b4547,ypfN
b4548,ypjJ
b4550,arfA
b4550,yhdL
b4551,yheV
b4553,ysaB
b4554,yibT
b4555,yicS
b4556,glvG
b4557,yidD
b4558,yifL
b4559,ghoT
b4559,yjdO
b4565,sgcB
b4566,yjhX
b4567,yjjZ
b4568,ytjA
b4569,yhcE
b4570,lomR
b4571,wbbL
b4572,ylbE
b4573,ychG
b4575,yjgX
b4579,yaiX
b4579,yaiF
b4580,yaiT
b4581,ybeM
b4582,yoeA
b4586,ykfM
b4588,ylcH
b4589,ylcI
b4590,ybfK
b4592,appX
b4592,yccB
b4593,ymgI
b4594,ymgJ
b4595,yciY
b4596,yciZ
b4598,yncL
b4599,yneM
b4600,ydfJ
b4601,ydgU
b4602,ynhF
b4604,yojO
b4606,ypfM
b4612,yrhD
b4613,dinQ
b4615,yibV
b4618,tisB
b4618,ysdB
b4620,yjbT
b4621,yjbS
b4622,ytcA
b4636,ybfI
b4637,uof
b4644,ypjI
b4655,ythA
b4658,yghX
b4658,yghY
b4659,yabP
b4660,yhiL
b4661,yfcU
b4661,yfcT
b4662,sgrT
b4663,azuC
b4664,ibsD
b4665,ibsC
b4666,ibsE
b4667,ibsA
b4668,ibsB
b4669,ilvX
b4670,yjeV
b4671,ykgR
b4672,ymiB
b4673,ymjD
b4674,ynbG
b4675,yoaJ
b4676,yoaK
b4677,yobI
b4678,yoeI
b4679,yohP
b4680,ypdK
b4682,yqcG
b4683,yqeL
b4684,yqfG
b4685,yrbN
b4686,yshB
b4687,shoB
b4687,ryfB
b4687,yphI
b4689,rzoQ
b4694,yagP
b4702,mgtL
b4703,pmrR
b4705,mntS
b4705,rybA
b4706,iroK
b4715,ytiA
NA,ydiB
